motif,name,n_target_hits,n_bg_hits,odds_ratio,p_value,padj,comparison
MA0053.1,MA0053.1	MNB1A,255,25341,0.36527761335385345,0.005228783772802581,0.02161391264610099,target_vs_universe
MA0984.2,MA0984.2	DOF5.7,262,25407,1.0208997520368401,1.0,1.0,target_vs_universe
MA0989.2,MA0989.2	PHYPADRAFT_153324,265,25701,inf,1.0,1.0,target_vs_universe
MA1017.2,MA1017.2	GATA8,220,22282,0.7508202934107252,0.08445844209132891,0.1917955001415748,target_vs_universe
MA1058.2,MA1058.2	SPL4,244,24033,0.8078653755847615,0.31831224882224435,0.5027368337409812,target_vs_universe
MA1088.2,MA1088.2	WRKY48,265,25310,inf,0.03750435005190918,0.10319448465203229,target_vs_universe
MA1736.2,MA1736.2	AT5G04390,258,25193,0.747588615885365,0.3780498276030356,0.5642440854574425,target_vs_universe
MA1801.2,MA1801.2	TREE1,255,25175,0.535829195630586,0.07598859081367257,0.17567465453573272,target_vs_universe
MA2085.1,MA2085.1	PK23763.1,265,25701,inf,1.0,1.0,target_vs_universe
MA2090.1,MA2090.1	PK26523.1,253,24759,0.80470737913486,0.4130216565399737,0.5994828898322919,target_vs_universe
MA2347.1,MA2347.1	OS04G0486400,257,24621,1.4130772511270866,0.43966253968417124,0.6161573306466873,target_vs_universe
MA2356.1,MA2356.1	PK20555.1,265,25701,inf,1.0,1.0,target_vs_universe
MA2370.1,MA2370.1	MBD2,261,25515,0.48333333333333334,0.13577467366015386,0.27307148491739464,target_vs_universe
MA2383.1,MA2383.1	e_gw1.392.16.1,265,25703,inf,1.0,1.0,target_vs_universe
MA2402.1,MA2402.1	OsERF104,242,23796,0.8436492797474183,0.4103407783090709,0.5965570148188599,target_vs_universe
MA2481.1,MA2481.1	PK12011.1,204,20665,0.8154724270466022,0.16231593684957416,0.30781690349697255,target_vs_universe
MA0021.1,MA0021.1	Dof3,257,25394,0.3921694100968733,0.016895998673999612,0.05491199569049874,target_vs_universe
MA0552.2,MA0552.2	PIF1,192,20877,0.6081176046786757,0.0004938232584506982,0.0035436757026422105,target_vs_universe
MA0564.2,MA0564.2	ABI3,139,11417,1.3804901073447977,0.009079707799499279,0.033654949984094434,target_vs_universe
MA0568.2,MA0568.2	MYC3,245,22898,1.501157306314962,0.09100810192714268,0.2045971614753057,target_vs_universe
MA0581.2,MA0581.2	LEC2,202,16109,1.9097970472978232,3.6655205152864173e-06,8.571799008841763e-05,target_vs_universe
MA0582.2,MA0582.2	RAV1,238,23987,0.6309683177153057,0.03457163348510904,0.09751809822686418,target_vs_universe
MA0944.2,MA0944.2	ARF8,100,11060,0.8024549290372075,0.09205596143847315,0.2054084512694289,target_vs_universe
MA0945.2,MA0945.2	ARR1,256,25166,0.6080867484348371,0.1326495650515199,0.26981102007077856,target_vs_universe
MA0955.2,MA0955.2	POPTR_0002s00440g,251,24735,0.7023564064801178,0.19387658053179335,0.34712034478446835,target_vs_universe
MA0956.2,MA0956.2	BEE2,200,18007,1.3152150232174666,0.058832414122904374,0.14538604904160468,target_vs_universe
MA0965.3,MA0965.3	BIM2,75,8660,0.776893156679227,0.06732296841554752,0.16233522222781216,target_vs_universe
MA0966.2,MA0966.2	BIM3,62,6308,0.9391093021294408,0.7198808465876013,0.8535373377995219,target_vs_universe
MA0969.2,MA0969.2	CAMTA2,196,19422,0.9187787941061907,0.5654916260638261,0.7309020008346571,target_vs_universe
MA0970.2,MA0970.2	CAMTA3,28,3004,0.8927618309202358,0.6312579575033915,0.7842636951254047,target_vs_universe
MA0988.2,MA0988.2	PHYPADRAFT_143875,169,14120,1.44423984891407,0.004235996907993565,0.018470122179104192,target_vs_universe
MA0998.2,MA0998.2	ERF096,31,4465,0.6301710358821221,0.014149011188842014,0.04753431848835688,target_vs_universe
MA1011.2,MA1011.2	PHYPADRAFT_72483,214,21157,0.9018087927140417,0.5174192137438249,0.6855613511494992,target_vs_universe
MA1015.2,MA1015.2	GATA12,174,18912,0.6867016232498466,0.005016979093685108,0.020931303474583916,target_vs_universe
MA1018.2,MA1018.2	GATA9,101,11840,0.7211313447593936,0.010961917903224525,0.03886498165688695,target_vs_universe
MA1027.2,MA1027.2	KAN1,263,25460,1.2602513747054203,1.0,1.0,target_vs_universe
MA1031.2,MA1031.2	OJ1581_H09.2,106,12972,0.6543324082639531,0.0008233968020693793,0.005201316418705868,target_vs_universe
MA1057.2,MA1057.2	SPL12,161,14365,1.2219731451979974,0.12003122655889947,0.250867732878692,target_vs_universe
MA1060.2,MA1060.2	SPL7,194,18666,1.0302470561071346,0.8898938635678852,0.9903657513900658,target_vs_universe
MA1077.2,MA1077.2	WRKY18,252,24020,1.359021328380196,0.318827694230502,0.5027368337409812,target_vs_universe
MA1085.3,MA1085.3	WRKY40,262,25390,1.0800577655244847,1.0,1.0,target_vs_universe
MA1086.2,MA1086.2	WRKY43,260,24914,1.6488721200931202,0.36693344402376205,0.5522471464585815,target_vs_universe
MA1089.2,MA1089.2	WRKY57,265,25699,inf,1.0,1.0,target_vs_universe
MA1092.2,MA1092.2	WRKY63,158,14790,1.089655172413793,0.532307554634426,0.6990920593075843,target_vs_universe
MA1206.2,MA1206.2	ARF2,254,24821,0.8214525090557483,0.4958896707113907,0.6682920759387668,target_vs_universe
MA1272.3,MA1272.3	DOF2.2,263,25613,0.46720415414047556,0.2453528684793455,0.4184059373117356,target_vs_universe
MA1359.3,MA1359.3	BPE,200,17995,1.3181439288691303,0.058835156970013944,0.14538604904160468,target_vs_universe
MA1360.3,MA1360.3	bHLH74,62,6308,0.9391093021294408,0.7198808465876013,0.8535373377995219,target_vs_universe
MA1414.2,MA1414.2	E2FA,179,18643,0.7883244412454827,0.07251012940840587,0.1705861186649874,target_vs_universe
MA1748.2,MA1748.2	DREB1F,115,12071,0.8658741335984315,0.2655468966787975,0.44318012945233165,target_vs_universe
MA1793.2,MA1793.2	NID1,148,15946,0.7740783263171322,0.041782576671732206,0.11121356461288957,target_vs_universe
MA1799.2,MA1799.2	SPL10,161,14862,1.1293399273314493,0.34882184381858344,0.5330378090379376,target_vs_universe
MA1804.2,MA1804.2	WIN1,236,23885,0.6197570254018898,0.021560493911546068,0.06715195499533619,target_vs_universe
MA1816.2,MA1816.2	O11,141,12618,1.179271547558787,0.19471961396119877,0.3479352464605484,target_vs_universe
MA1825.2,MA1825.2	Zm00001d044409,252,25128,0.44434648446109765,0.010078107984053583,0.03645186637780671,target_vs_universe
MA2059.1,MA2059.1	PK05432.1,246,23575,1.1692448512585811,0.5761033834103995,0.740350623093307,target_vs_universe
MA2063.1,MA2063.1	PK07402.1,123,14628,0.6558654634946678,0.0007355807586958422,0.004809975983675522,target_vs_universe
MA2080.1,MA2080.1	PK20225.1,250,23984,1.195241271959084,0.6200421757247039,0.7769710115763173,target_vs_universe
MA2082.1,MA2082.1	PK20392.1,256,23868,2.1880341880341883,0.015555471794598978,0.05167873407316772,target_vs_universe
MA2103.1,MA2103.1	AT4G09450,262,24888,2.8633879781420766,0.07315278002098141,0.17088032208026127,target_vs_universe
MA2105.1,MA2105.1	GLYMA-13G317000,210,21075,0.8386412164348107,0.26051711387763576,0.43679224513689585,target_vs_universe
MA2342.1,MA2342.1	URI,124,14223,0.7098900342717295,0.006203692448269791,0.024953866036313912,target_vs_universe
MA2345.1,MA2345.1	OS02G0104500,262,25119,2.0339185477128865,0.29610842843505253,0.4770919286152435,target_vs_universe
MA2355.1,MA2355.1	PK06791.1,110,10377,1.0482052429846402,0.7062462840781099,0.8435458279867705,target_vs_universe
MA2358.1,MA2358.1	PK22320.1,43,4690,0.8678633857738335,0.4247065276329792,0.602719853213578,target_vs_universe
MA2361.1,MA2361.1	PRUPE_ppa000682mg,191,18986,0.9132888814232962,0.5271946218365718,0.6964559289947053,target_vs_universe
MA2368.1,MA2368.1	WRKY51,235,22744,1.019463008559034,1.0,1.0,target_vs_universe
MA2382.1,MA2382.1	e_gw1.209.40.1,169,14120,1.44423984891407,0.004235996907993565,0.018470122179104192,target_vs_universe
MA2397.1,MA2397.1	ILR3,75,8660,0.776893156679227,0.06732296841554752,0.16233522222781216,target_vs_universe
MA2403.1,MA2403.1	DVH24_040989,217,20951,1.025608363960352,0.936661815625356,1.0,target_vs_universe
MA2405.1,MA2405.1	OsMSL08,227,21155,1.2845327096990882,0.16867370865921294,0.31652785913664017,target_vs_universe
MA2471.1,MA2471.1	SPCH,188,19578,0.7639690986304533,0.05054180519044364,0.12843059279271374,target_vs_universe
MA2475.1,MA2475.1	HOX6,211,20483,0.9959758860554643,1.0,1.0,target_vs_universe
MA2480.1,MA2480.1	GLYMA-04G093300,183,16951,1.1523883043089767,0.2978500334721699,0.4770919286152435,target_vs_universe
MA2483.1,MA2483.1	PK20543.1,217,20951,1.025608363960352,0.936661815625356,1.0,target_vs_universe
MA0096.1,MA0096.1	bZIP910,89,6938,1.3677752954742,0.018083402561030207,0.05788251314169186,target_vs_universe
MA0121.2,MA0121.2	ARR10,221,23208,0.5401899031681865,0.0005279739095604989,0.0037290755659509255,target_vs_universe
MA0129.1,MA0129.1	TGA1A,263,25358,1.7942661093146146,0.5913737658559459,0.7567222082350692,target_vs_universe
MA0560.2,MA0560.2	PIF3,141,12101,1.27823546974257,0.04792214026784357,0.1228175994864448,target_vs_universe
MA0565.3,MA0565.3	FUS3,224,21665,1.0185428897907718,1.0,1.0,target_vs_universe
MA0569.2,MA0569.2	MYC4,19,1767,1.0462890112772096,0.8071625555447436,0.918813213608674,target_vs_universe
MA0586.3,MA0586.3	SPL14,227,22484,0.8555089467129842,0.3524397205702047,0.5345200074711056,target_vs_universe
MA0930.3,MA0930.3	ABF3,80,9445,0.7444064498590703,0.029253427746428896,0.0860338514378581,target_vs_universe
MA0941.2,MA0941.2	ABF2,239,22102,1.4980857980134064,0.04990797255743965,0.12718025961370275,target_vs_universe
MA0942.2,MA0942.2	ARF1,104,12189,0.7162348293874581,0.009278039676673119,0.03424856621389213,target_vs_universe
MA0943.2,MA0943.2	ARF5,130,13025,0.9373825264804152,0.6215556314520285,0.7769710115763173,target_vs_universe
MA0948.2,MA0948.2	ARR18,67,7648,0.7988831832974093,0.1202598942450809,0.250867732878692,target_vs_universe
MA0953.2,MA0953.2	ATHB-6,112,9814,1.1852349118439578,0.18220226832556308,0.33559637512942525,target_vs_universe
MA0961.2,MA0961.2	bHLH112,230,22100,1.0716483516483517,0.7895446162925381,0.9102708403531575,target_vs_universe
MA0962.2,MA0962.2	bHLH34,204,19957,0.9630443157707103,0.8240620314009424,0.9332135030904765,target_vs_universe
MA0973.2,MA0973.2	CDF2,225,21103,1.22639553617969,0.2593559355086805,0.4356596894218847,target_vs_universe
MA0980.3,MA0980.3	RAP2-10,252,25056,0.5013262599469496,0.027188121398423096,0.080533969438998,target_vs_universe
MA0995.3,MA0995.3	ERF039,102,11563,0.7652831726328266,0.034909962143047646,0.097926489006879,target_vs_universe
MA1004.2,MA1004.2	ERF13,103,12246,0.6987285341850098,0.004431920287484565,0.019112656239777183,target_vs_universe
MA1008.2,MA1008.2	PHYPADRAFT_182268,145,17011,0.617485254639155,0.00014501821731813388,0.0013550139680663135,target_vs_universe
MA1021.2,MA1021.2	PHYPADRAFT_48267,201,18688,1.1790788206335616,0.26778554087309225,0.44318012945233165,target_vs_universe
MA1025.2,MA1025.2	HBI1,263,24869,4.415235835779485,0.013809474186358093,0.046920827065012154,target_vs_universe
MA1030.2,MA1030.2	P0510F09.23,126,12307,0.9867590123886915,0.9507445617028847,1.0,target_vs_universe
MA1037.2,MA1037.2	MYB24,111,11413,0.9025370931530574,0.4199548859171023,0.6007719693137988,target_vs_universe
MA1043.2,MA1043.2	NAC083,222,21649,0.9670246329654842,0.7999700636189979,0.9164408008508828,target_vs_universe
MA1049.2,MA1049.2	ERF094,179,19914,0.6051661680108186,0.00021291632174480856,0.0017797137754749282,target_vs_universe
MA1061.2,MA1061.2	SPT,186,16127,1.3981757144438174,0.012647076459228895,0.04355550337422274,target_vs_universe
MA1074.2,MA1074.2	UNE10,216,22668,0.5903998444269185,0.001549547460722701,0.008373157061857005,target_vs_universe
MA1078.2,MA1078.2	WRKY2,261,25060,1.6768156424581007,0.42533073253533427,0.602719853213578,target_vs_universe
MA1090.2,MA1090.2	WRKY60,184,17061,1.1507814009425872,0.32681176351401564,0.510714550299777,target_vs_universe
MA1093.2,MA1093.2	WRKY75,215,19693,1.3125120601228863,0.0928874225116183,0.20674942430005364,target_vs_universe
MA1165.3,MA1165.3	HHO6,117,14745,0.5875573946275879,1.9976120141013897e-05,0.0002844219010553884,target_vs_universe
MA1171.2,MA1171.2	MYB52,251,24756,0.6865521778270203,0.1869051210854274,0.34006874972338413,target_vs_universe
MA1179.2,MA1179.2	MYB1,93,11367,0.6819726012263161,0.00281419423967761,0.01335625520100961,target_vs_universe
MA1219.3,MA1219.3	ERF011,168,18684,0.6507359513735773,0.0010957270025221894,0.006421580528094548,target_vs_universe
MA1227.3,MA1227.3	ERF027,256,25329,0.42112466606129995,0.0176571417323052,0.05717854199955872,target_vs_universe
MA1276.2,MA1276.2	DOF3.5,206,17508,1.634483800141727,0.0006929113578636136,0.0046384652563031675,target_vs_universe
MA1280.2,MA1280.2	DOF5.4,254,23915,1.7273525554520746,0.08709783259680513,0.1967928358673406,target_vs_universe
MA1311.3,MA1311.3	WRKY28,152,13797,1.1608679839980605,0.2398431899078357,0.41135629320712935,target_vs_universe
MA1322.3,MA1322.3	SPL9,37,4127,0.8484445606383295,0.4000899725414429,0.5892950827088248,target_vs_universe
MA1327.3,MA1327.3	ATHB-23,264,24993,7.510262873604609,0.011949282130191877,0.04183059500878037,target_vs_universe
MA1365.3,MA1365.3	AT5G47660,148,14207,1.0236653533619817,0.9011989524753545,0.992459964903617,target_vs_universe
MA1376.2,MA1376.2	DEAR3,247,24662,0.5797808594418764,0.03986841723441687,0.10836960684627858,target_vs_universe
MA1378.2,MA1378.2	AIL6,256,25033,0.7624424648353063,0.4340161732746818,0.6111656317541437,target_vs_universe
MA1381.2,MA1381.2	AT3G46070,264,25595,1.1242820863449892,1.0,1.0,target_vs_universe
MA1388.2,MA1388.2	PHL2,138,16852,0.570775496167655,8.892841711099648e-06,0.00016972083010332733,target_vs_universe
MA1393.3,MA1393.3	MYB70,223,22127,0.8583254244437414,0.3722197775151938,0.5573975633240883,target_vs_universe
MA1410.2,MA1410.2	StBRC1,138,15869,0.673441955617921,0.001476140783651316,0.008073770017897747,target_vs_universe
MA1425.2,MA1425.2	HYH,199,18201,1.2429362023065667,0.13508989722296005,0.27291810317341253,target_vs_universe
MA1427.3,MA1427.3	NAC028,244,24167,0.7389612360026562,0.19171572915541774,0.34462727265011966,target_vs_universe
MA1659.2,MA1659.2	ABF4,50,5286,0.8982921099173772,0.5412573248948012,0.7067071621988888,target_vs_universe
MA1674.3,MA1674.3	NAC017,255,24568,1.1790947574080104,0.7629936027687083,0.8876851643106761,target_vs_universe
MA1676.3,MA1676.3	NAC062,173,16166,1.1094635009601472,0.4435199933222814,0.617759990698892,target_vs_universe
MA1677.2,MA1677.2	NAC078,260,25333,0.7615363360044212,0.4403086387341434,0.6161573306466873,target_vs_universe
MA1737.2,MA1737.2	AT5G05090,80,9721,0.7109934747009122,0.010776598027769094,0.03835955726551142,target_vs_universe
MA1739.2,MA1739.2	BHLH122,165,16417,0.9333952610099288,0.6073156350820685,0.7668172266338684,target_vs_universe
MA1740.2,MA1740.2	BHLH49,203,19962,0.9418104075162163,0.6572649538242066,0.7999547674088375,target_vs_universe
MA1756.2,MA1756.2	GRF9,158,16907,0.7683186027575815,0.03746322921038048,0.10319448465203229,target_vs_universe
MA1780.2,MA1780.2	MYB92,232,23294,0.7273559845037478,0.09052989717421343,0.20403346172178255,target_vs_universe
MA1786.2,MA1786.2	NAC019,106,11043,0.8850855745721271,0.3497901111854871,0.5336083839003094,target_vs_universe
MA1802.2,MA1802.2	TRP5,262,25395,1.0626501279779483,1.0,1.0,target_vs_universe
MA1805.2,MA1805.2	WRKY53,265,25694,inf,1.0,1.0,target_vs_universe
MA1809.2,MA1809.2	GLYMA-07G038400,179,18930,0.7448162753842185,0.02968555132345848,0.08659271560905225,target_vs_universe
MA1829.2,MA1829.2	Zm00001d035604,223,22580,0.7345860221856679,0.07264648531775383,0.1705861186649874,target_vs_universe
MA1834.2,MA1834.2	Zm00001d034298,88,11021,0.6623738861146953,0.0014416706016679537,0.00793361061163285,target_vs_universe
MA2010.2,MA2010.2	SMB,260,25400,0.6223622047244094,0.25065876515434227,0.42503008004431947,target_vs_universe
MA2016.2,MA2016.2	GRF6,227,23165,0.6547457030229361,0.022359892471490988,0.06940077351877998,target_vs_universe
MA2017.2,MA2017.2	JUB1,43,6650,0.5549834044570887,0.00022883211082142264,0.0018660218491528737,target_vs_universe
MA2031.2,MA2031.2	AT5G04760,41,4671,0.8241897192402973,0.29728386826468356,0.4770919286152435,target_vs_universe
MA2034.2,MA2034.2	NAC057,242,23666,0.9060806366866427,0.6470393384838935,0.7950606666028117,target_vs_universe
MA2036.2,MA2036.2	NAC076,257,25058,0.8281886024423338,0.5518094400653948,0.718393421971929,target_vs_universe
MA2037.2,MA2037.2	NAC096,205,19901,0.996277406495486,1.0,1.0,target_vs_universe
MA2038.2,MA2038.2	NAC103,85,7817,1.0805473824854661,0.5466869444115563,0.712758995838904,target_vs_universe
MA2043.2,MA2043.2	NAC004,232,22638,0.9521560690391859,0.7750692955629808,0.8959241728350434,target_vs_universe
MA2044.2,MA2044.2	NAC007,247,24563,0.6374244007472848,0.07158722195562597,0.16942938811133643,target_vs_universe
MA2046.2,MA2046.2	NAC035,17,1237,1.355839439851879,0.2460794963336365,0.4188487821845767,target_vs_universe
MA2047.2,MA2047.2	NAC037,257,25171,0.6802520758015176,0.27394408243855195,0.44922823025115377,target_vs_universe
MA2049.2,MA2049.2	NAC053,259,25393,0.5286824452933223,0.14504496736861588,0.28739273222684847,target_vs_universe
MA2050.2,MA2050.2	NAC101,265,25569,inf,0.6509202772723927,0.7984190615389033,target_vs_universe
MA2057.1,MA2057.1	PK01630.1,87,10028,0.7640471847366699,0.04264661221871695,0.11218185090964546,target_vs_universe
MA2061.1,MA2061.1	PK06517.1,110,13049,0.6882495012595206,0.002977964396937108,0.013840591005453812,target_vs_universe
MA2064.1,MA2064.1	PK07858.1,205,20401,0.8881223142656406,0.4454093839797756,0.6184709248140228,target_vs_universe
MA2075.1,MA2075.1	PK18009.1,93,8748,1.04801894918174,0.7446504879561104,0.8708624350673155,target_vs_universe
MA2077.1,MA2077.1	PK18474.1,19,1767,1.0462890112772096,0.8071625555447436,0.918813213608674,target_vs_universe
MA2086.1,MA2086.1	PK23964.1,202,20024,0.9095117604905859,0.503651992701476,0.6753002054607234,target_vs_universe
MA2088.1,MA2088.1	PK24580.1,80,10663,0.6099799508783847,0.00020434469124190282,0.0017598272296282858,target_vs_universe
MA2089.1,MA2089.1	PK25870.1,229,22021,1.063892294728769,0.7917535417572668,0.9105165730208568,target_vs_universe
MA2349.1,MA2349.1	OsCCA1,207,18602,1.362584297572749,0.038124558849553986,0.10426136978064002,target_vs_universe
MA2350.1,MA2350.1	OsFBH1,167,16269,0.9882605079649415,0.9489510210067309,1.0,target_vs_universe
MA2357.1,MA2357.1	PK21687.1,263,25481,1.150837879204113,1.0,1.0,target_vs_universe
MA2384.1,MA2384.1	estExt_Genewise1.C_2060077,254,23214,2.4767969172207995,0.001109637660930496,0.006421580528094548,target_vs_universe
MA2386.1,MA2386.1	estExt_gwp_gw1.C_550163,238,24385,0.4767988821300283,0.0011031138747563747,0.006421580528094548,target_vs_universe
MA2389.1,MA2389.1	GBF1,225,21863,0.9882278278369848,0.9310059735176954,1.0,target_vs_universe
MA2391.1,MA2391.1	Lg3,201,18974,1.113966809845051,0.4828948791406352,0.6553051536900905,target_vs_universe
MA2392.1,MA2392.1	GRMZM2G135447,197,18495,1.129218548733362,0.4100574171010307,0.5965570148188599,target_vs_universe
MA2393.1,MA2393.1	PHYPA_008731,201,18688,1.1790788206335616,0.26778554087309225,0.44318012945233165,target_vs_universe
MA2404.1,MA2404.1	OsTRBF3,176,15994,1.2005625705145047,0.18091070458720676,0.3339030905652767,target_vs_universe
MA2406.1,MA2406.1	PK03576.1,203,19962,0.9418104075162163,0.6572649538242066,0.7999547674088375,target_vs_universe
MA2407.1,MA2407.1	PK24978.1,136,13324,0.9795694195238993,0.9016951503457649,0.992459964903617,target_vs_universe
MA2473.1,MA2473.1	HB88,115,11955,0.8817147636971978,0.3224537082056119,0.5063946693320399,target_vs_universe
MA2611.1,MA2611.1	ereb209,70,9716,0.5907042045370575,0.00012346290722033222,0.0011908196535122364,target_vs_universe
MA2615.1,MA2615.1	ereb109,152,16230,0.7851994830942371,0.05497611651995672,0.1373637228924824,target_vs_universe
MA2623.1,MA2623.1	hb66,164,16716,0.8730782626001293,0.3003907694272199,0.4794493241569684,target_vs_universe
MA2625.1,MA2625.1	mybr17,82,8266,0.9452877611758749,0.6922564146861339,0.8290440640500161,target_vs_universe
MA2627.1,MA2627.1	bzip9,229,21875,1.113448888888889,0.603155387027569,0.7668172266338684,target_vs_universe
MA2646.1,MA2646.1	GLYMA-11G083900,118,10647,1.1352091132310913,0.3163243094384532,0.5013125540040504,target_vs_universe
MA2652.1,MA2652.1	GLYMA-01G053800,189,18033,1.0578697825915646,0.7358737126153431,0.8628480002823041,target_vs_universe
MA2654.1,MA2654.1	GLYMA-05G127600,106,8458,1.359344210609285,0.01787715528190939,0.057476015368719435,target_vs_universe
MA2713.1,MA2713.1	SlDof14,258,25451,0.36638470562481407,0.017782196366982635,0.05737636741432887,target_vs_universe
MA2717.1,MA2717.1	eil2,210,22309,0.5810537125253159,0.0007023494431519123,0.004666721855609373,target_vs_universe
MA2757.1,MA2757.1	pbf1,232,22345,1.0568264881981597,0.8545966403213954,0.9570202077007387,target_vs_universe
MA2758.1,MA2758.1	ereb122,166,18889,0.6049643558246449,0.00011578297812737869,0.001153970348669541,target_vs_universe
MA0034.2,MA0034.2	Gam1,222,22831,0.6496735874214272,0.014008193281706055,0.047384594789542954,target_vs_universe
MA0110.4,MA0110.4	ATHB-5,240,22383,1.424366706875754,0.09710445661667004,0.2129650307705453,target_vs_universe
MA0128.1,MA0128.1	EmBP-1,263,25590,0.5858147713950762,0.3319612151597959,0.5151716435957386,target_vs_universe
MA0557.2,MA0557.2	FHY3,251,24746,0.6940746556442022,0.18997798968062055,0.3422479100136496,target_vs_universe
MA0561.1,MA0561.1	PIF4,195,18535,1.0774634860688272,0.6301581914089902,0.7839832145545966,target_vs_universe
MA0562.1,MA0562.1	PIF5,200,20175,0.8432370603374321,0.23014865497305,0.3985392731869225,target_vs_universe
MA0567.1,MA0567.1	ERF1B,254,24925,0.7216777605543905,0.2777846122019577,0.4530414493548292,target_vs_universe
MA0577.4,MA0577.4	SPL3,81,7215,1.1280913857000814,0.3721510299365095,0.5573975633240883,target_vs_universe
MA0587.2,MA0587.2	TCP16,174,18511,0.742998668448401,0.023391257915101465,0.07210294965582822,target_vs_universe
MA0588.2,MA0588.2	TGA1,256,25033,0.7624424648353063,0.4340161732746818,0.6111656317541437,target_vs_universe
MA0931.2,MA0931.2	ABI5,188,16765,1.3018246888810563,0.05188310554776317,0.13109618500378467,target_vs_universe
MA0932.1,MA0932.1	AHL12,239,18737,3.417986214031472,6.351957442207793e-12,2.8488529128301952e-09,target_vs_universe
MA0933.1,MA0933.1	AHL20,123,9522,1.4720439841316328,0.0021067333625959814,0.010676496193494889,target_vs_universe
MA0934.1,MA0934.1	AHL25,257,21814,5.728717795910883,1.9422035647638275e-10,2.4887951394187907e-08,target_vs_universe
MA0935.1,MA0935.1	NAC025,56,4625,1.2211809129703866,0.19829560260103635,0.3522201099665933,target_vs_universe
MA0936.1,MA0936.1	NAC046,219,21673,0.8854826381853599,0.4452495323382006,0.6184709248140228,target_vs_universe
MA0937.1,MA0937.1	NAC055,249,24129,1.0158289817232375,1.0,1.0,target_vs_universe
MA0939.1,MA0939.1	NAC079,182,15982,1.3338831486627274,0.03034719198877736,0.08792799597527924,target_vs_universe
MA0946.1,MA0946.1	ARR11,239,23696,0.7789565262556485,0.2487373942943818,0.4225709141705691,target_vs_universe
MA0947.1,MA0947.1	ARR14,127,13920,0.7790729635182408,0.04726905649790267,0.12184006804200773,target_vs_universe
MA0949.2,MA0949.2	ARR2,119,12868,0.8130415898416375,0.0958776887097248,0.21182829254340674,target_vs_universe
MA0950.1,MA0950.1	ATHB-12,239,22628,1.2495818658979345,0.3403139418168227,0.5236048127095881,target_vs_universe
MA0951.1,MA0951.1	ATHB-16,226,19328,1.9116361012056375,7.754320379514061e-05,0.0008183088682851897,target_vs_universe
MA0952.1,MA0952.1	ATHB-51,160,12278,1.6662865830482707,5.4326506181380605e-05,0.0006585253519553839,target_vs_universe
MA0957.1,MA0957.1	BHLH3,58,6269,0.8686481983658567,0.388012769301865,0.5762375067281009,target_vs_universe
MA0958.1,MA0958.1	BHLH13,10,1167,0.8245375270930995,0.6566828462920096,0.7999547674088375,target_vs_universe
MA0959.1,MA0959.1	AIB,77,6493,1.211818128196978,0.15606174235455816,0.29958523073636456,target_vs_universe
MA0963.1,MA0963.1	bHLH78,145,15340,0.8163733159495872,0.10224713338067853,0.21994167540160348,target_vs_universe
MA0964.3,MA0964.3	BIM1,88,8959,0.9292552450176352,0.6045366710215392,0.7668172266338684,target_vs_universe
MA0967.1,MA0967.1	BZIP60,184,16638,1.2377912231259989,0.1207460827507964,0.2512975318502654,target_vs_universe
MA0971.2,MA0971.2	DREB1A,197,19452,0.9311336502522045,0.614704364671929,0.7744238976274161,target_vs_universe
MA0972.1,MA0972.1	CCA1,265,25576,inf,0.6443502931334072,0.7928425417567438,target_vs_universe
MA0974.3,MA0974.3	CDF3,265,25697,inf,1.0,1.0,target_vs_universe
MA0975.1,MA0975.1	CRF2,93,12173,0.6010170239512149,7.048390894082791e-05,0.000800304636961046,target_vs_universe
MA0977.1,MA0977.1	DOF2.5,129,11814,1.115208526274908,0.38627633965645747,0.5746100773994068,target_vs_universe
MA0978.1,MA0978.1	DREB1E,225,20681,1.366199651854359,0.0729018718366482,0.17073884866181055,target_vs_universe
MA0986.1,MA0986.1	DREB2C,165,18087,0.6948664786863493,0.005486737285560697,0.022473074635378745,target_vs_universe
MA1007.1,MA1007.1	PHYPADRAFT_173530,177,19566,0.6309797608095676,0.0006445221679364445,0.004413254844572449,target_vs_universe
MA1009.1,MA1009.1	ARF3,247,24297,0.7946317103620475,0.3410161862760306,0.5237868477561635,target_vs_universe
MA1010.2,MA1010.2	PHYPADRAFT_64121,82,8822,0.8574713241734214,0.2689680283146938,0.4435005908056624,target_vs_universe
MA1013.1,MA1013.1	GATA10,58,7876,0.6342413692425837,0.0019833616790726704,0.010166145292161059,target_vs_universe
MA1014.1,MA1014.1	GATA11,185,19811,0.6878785775579224,0.006538375414414493,0.025611016361265504,target_vs_universe
MA1019.2,MA1019.2	Glyma19g26560.1,204,21999,0.5632297742296781,0.0002059998429330769,0.0017598272296282858,target_vs_universe
MA1020.1,MA1020.1	GT-1,178,17616,0.9393654671301951,0.6419084801575996,0.7909229487656139,target_vs_universe
MA1023.1,MA1023.1	PHYPADRAFT_28324,63,6900,0.8499440378820491,0.29567872829396824,0.4770919286152435,target_vs_universe
MA1024.2,MA1024.2	HAT1,247,22652,1.8488531795083094,0.009479127388365692,0.0345641352331871,target_vs_universe
MA1028.1,MA1028.1	KAN4,265,25313,inf,0.03717083746279934,0.10290815186460188,target_vs_universe
MA1032.2,MA1032.2	DREB1G,70,8440,0.7342812006319115,0.029733061769886392,0.08659271560905225,target_vs_universe
MA1033.1,MA1033.1	OJ1058_F05.8,204,18803,1.2273974418103843,0.18514847490487107,0.337877365123044,target_vs_universe
MA1034.1,MA1034.1	Os05g0497200,57,7222,0.7012986494258995,0.01920095721990086,0.06043248640789849,target_vs_universe
MA1035.1,MA1035.1	TCP4,107,12575,0.7070503560913003,0.006472494662983827,0.025576333536107897,target_vs_universe
MA1036.1,MA1036.1	MYB111,172,17186,0.9166600971783735,0.5121655074902234,0.6814285927284378,target_vs_universe
MA1038.2,MA1038.2	MYB3,218,21417,0.9284392295243686,0.6199488488395144,0.7769710115763173,target_vs_universe
MA1039.1,MA1039.1	MYB4,215,21803,0.7693574278768976,0.10206893004597513,0.21994167540160348,target_vs_universe
MA1040.1,MA1040.1	MYB46,105,11392,0.8244601474719101,0.13573260094888223,0.27307148491739464,target_vs_universe
MA1041.1,MA1041.1	MYB55,99,11725,0.7110339866930409,0.007603367032353019,0.029397500982847664,target_vs_universe
MA1042.1,MA1042.1	MYB59,193,19060,0.9343972251369943,0.621923284628535,0.7769710115763173,target_vs_universe
MA1044.2,MA1044.2	NAC92,160,15306,1.035186948162252,0.8016461119109761,0.9171894928369204,target_vs_universe
MA1045.2,MA1045.2	NAC043,202,17983,1.3766458445321816,0.02618221376672975,0.07881022063341137,target_vs_universe
MA1050.1,MA1050.1	OsI_08196,253,25050,0.550439121756487,0.04960989995053508,0.12678085542914522,target_vs_universe
MA1051.1,MA1051.1	RAP2-3,76,9775,0.6552749022314239,0.0017738043231839793,0.009359426340564879,target_vs_universe
MA1053.1,MA1053.1	ERF109,58,7794,0.6438620566545057,0.002460216069681704,0.012059091882538188,target_vs_universe
MA1055.3,MA1055.3	SPL1,165,16758,0.880827067669173,0.33117895387200025,0.5148483910280489,target_vs_universe
MA1056.2,MA1056.2	SPL11,93,7493,1.3141125515597503,0.04138674174543674,0.1108176338676321,target_vs_universe
MA1063.2,MA1063.2	TCP19,164,17793,0.7219459426974564,0.011077569964486934,0.03912039471710543,target_vs_universe
MA1064.2,MA1064.2	TCP2,189,20530,0.6267375086522932,0.0009086228302487344,0.005659963046757741,target_vs_universe
MA1066.1,MA1066.1	TCP23,146,16225,0.7167764239748288,0.008604558008046777,0.03242978375301663,target_vs_universe
MA1067.1,MA1067.1	TCP5,85,10275,0.7090916463909165,0.00961854886779719,0.03493051957252664,target_vs_universe
MA1075.1,MA1075.1	WRKY12,265,25665,inf,1.0,1.0,target_vs_universe
MA1076.3,MA1076.3	WRKY15,176,15786,1.2424378307047774,0.09929113885921526,0.2161751251376604,target_vs_universe
MA1080.1,MA1080.1	WRKY23,166,15526,1.0991975662850324,0.487594924548728,0.6596872508600438,target_vs_universe
MA1081.3,MA1081.3	WRKY25,148,12727,1.2898051722597963,0.04161455129584922,0.1110959896201689,target_vs_universe
MA1084.1,MA1084.1	WRKY38,230,21438,1.307664627563872,0.15759803416928275,0.3014188414708883,target_vs_universe
MA1091.1,MA1091.1	WRKY62,247,24249,0.8233672866235033,0.4215583739337831,0.6007719693137988,target_vs_universe
MA1095.1,MA1095.1	ARALYDRAFT_495258,218,22556,0.6473382559907634,0.01074129977587496,0.03835955726551142,target_vs_universe
MA1096.1,MA1096.1	ARALYDRAFT_496250,84,9331,0.8143306544868262,0.12367514668690233,0.25620463412967986,target_vs_universe
MA1097.1,MA1097.1	ARALYDRAFT_493022,170,19521,0.5667904200334862,1.8720525294740886e-05,0.00027528378998987823,target_vs_universe
MA1098.1,MA1098.1	ARALYDRAFT_484486,171,18203,0.7496256754498031,0.02962989838928211,0.08659271560905225,target_vs_universe
MA1164.2,MA1164.2	HHO5,239,23385,0.9115655992500123,0.6658654561080966,0.8063985192805426,target_vs_universe
MA1168.2,MA1168.2	MYR2,254,25009,0.6416962620729265,0.17765566227689594,0.32925026665780094,target_vs_universe
MA1177.2,MA1177.2	MYB65,175,16898,1.013302034428795,0.9482012937094277,1.0,target_vs_universe
MA1178.3,MA1178.3	MYB3R1,228,22764,0.7958512017552608,0.20696968602255889,0.3669008070399908,target_vs_universe
MA1198.2,MA1198.2	HAT2,262,24933,2.7005976015722135,0.09768885428380292,0.21372415193310051,target_vs_universe
MA1209.2,MA1209.2	ATHB-20,213,16448,2.3050826848249026,1.027591503602959e-08,5.76093486707409e-07,target_vs_universe
MA1212.2,MA1212.2	ATHB-13,243,20526,2.786386224123728,2.548322509052269e-07,9.938457785303848e-06,target_vs_universe
MA1218.2,MA1218.2	DREB1D,205,20196,0.9318181818181818,0.6516388582766853,0.7984190615389033,target_vs_universe
MA1231.3,MA1231.3	ERF15,234,23611,0.6691277029159454,0.04192806124157746,0.11127062406418635,target_vs_universe
MA1232.2,MA1232.2	ERF054,131,15077,0.6890682555914465,0.0026078885426637334,0.012713456645485701,target_vs_universe
MA1233.3,MA1233.3	ERF021,171,18806,0.6672598831065685,0.002142003700432747,0.010733951504403207,target_vs_universe
MA1238.3,MA1238.3	ERF038,238,24308,0.5062317542159569,0.002429068981326293,0.011971839979393873,target_vs_universe
MA1248.2,MA1248.2	ERF012,112,14865,0.5337659853716125,4.7606150236620706e-07,1.58158210230551e-05,target_vs_universe
MA1253.2,MA1253.2	ERF036,249,25062,0.39865633229590614,0.0012806181022447872,0.007179465235709838,target_vs_universe
MA1265.3,MA1265.3	ERF015,253,24787,0.7799821142803351,0.4023072311420496,0.5915894857941287,target_vs_universe
MA1275.2,MA1275.2	DOF1.6,135,11173,1.3505669574317207,0.015170072687397652,0.0505857070654115,target_vs_universe
MA1286.2,MA1286.2	TCP24,177,19705,0.6123405457774908,0.0003305734022128261,0.0024918011914697898,target_vs_universe
MA1289.2,MA1289.2	TCP3,117,13617,0.7017157607045248,0.004401965925691559,0.019075185677996754,target_vs_universe
MA1295.2,MA1295.2	WRKY20,218,20478,1.1836968786429858,0.31890441293045524,0.5027368337409812,target_vs_universe
MA1300.2,MA1300.2	WRKY6,189,17328,1.2020884968654322,0.18777634135376584,0.34096230403710115,target_vs_universe
MA1307.3,MA1307.3	WRKY31,256,24286,1.6608013761929599,0.17287929108513972,0.32306817521535486,target_vs_universe
MA1310.2,MA1310.2	WRKY42,145,13161,1.151593723881164,0.2665102345259377,0.44318012945233165,target_vs_universe
MA1320.2,MA1320.2	SPL15,55,5467,0.9694835680751174,0.8802687029241447,0.982090829008654,target_vs_universe
MA1321.2,MA1321.2	SPL13A,127,11648,1.1105420847268674,0.42022890255469714,0.6007719693137988,target_vs_universe
MA1324.1,MA1324.1	GATA20,45,4964,0.8546077210460772,0.38912441154085003,0.5769332184332934,target_vs_universe
MA1325.2,MA1325.2	GATA14,116,13337,0.7219014770937993,0.009364251303682897,0.03428462620164718,target_vs_universe
MA1326.2,MA1326.2	ZHD5,261,23628,5.732986287455561,6.1688307504322545e-06,0.00012868467867762167,target_vs_universe
MA1343.2,MA1343.2	BZIP52,263,25622,0.4208492701584576,0.2115291575047208,0.3727733875869048,target_vs_universe
MA1351.3,MA1351.3	GBF3,262,25516,0.6434655379631081,0.44937408580048743,0.6230116769135042,target_vs_universe
MA1358.2,MA1358.2	bHLH130,257,24857,1.0946564348070966,1.0,1.0,target_vs_universe
MA1366.2,MA1366.2	DF1,265,25667,inf,1.0,1.0,target_vs_universe
MA1386.3,MA1386.3	HHO3,40,4527,0.8316324276562845,0.33008813332098463,0.514043499286325,target_vs_universe
MA1390.3,MA1390.3	HHO2,226,23097,0.6540776191380165,0.018517598879263453,0.05890172409467843,target_vs_universe
MA1392.3,MA1392.3	MYB98,167,16232,0.9943975618833043,1.0,1.0,target_vs_universe
MA1394.3,MA1394.3	MYB73,59,6572,0.8337725803497037,0.22943873158696215,0.3985392731869225,target_vs_universe
MA1398.3,MA1398.3	KUA1,19,2552,0.7006906746183449,0.14777639468885306,0.2906917237629412,target_vs_universe
MA1408.2,MA1408.2	FaEOBII,11,1111,0.9586419271848444,1.0,1.0,target_vs_universe
MA1411.2,MA1411.2	TSAR1,166,16475,0.9392952284606306,0.6524427782698062,0.7984190615389033,target_vs_universe
MA1412.2,MA1412.2	TSAR2,140,14253,0.8998189854767418,0.4194740065407462,0.6007719693137988,target_vs_universe
MA1428.2,MA1428.2	TCP8,211,22178,0.6212245702280872,0.0029736045801657045,0.013840591005453812,target_vs_universe
MA1661.2,MA1661.2	GTL1,254,24797,0.8445963038050791,0.5056422601937569,0.6769568767071641,target_vs_universe
MA1662.2,MA1662.2	AT3G10030,178,18220,0.8404002170155318,0.19668748314157417,0.35075282778924854,target_vs_universe
MA1663.3,MA1663.3	NAC050,151,15567,0.8625347817414031,0.2555156544581009,0.4316337891693343,target_vs_universe
MA1664.3,MA1664.3	HSFA6B,148,17312,0.6131886187339053,0.00012626016466399457,0.0012048443372723737,target_vs_universe
MA1667.3,MA1667.3	HSFC1,152,16297,0.7764412908396735,0.046849717202819635,0.12145721482927518,target_vs_universe
MA1669.2,MA1669.2	DREB1B,195,20288,0.7436626858945471,0.04075106572574996,0.11043415696676047,target_vs_universe
MA1670.2,MA1670.2	DREB1C,130,13284,0.9003312255344775,0.42198952578015203,0.6007719693137988,target_vs_universe
MA1671.2,MA1671.2	ERF118,119,14755,0.6048244616405862,5.984425694459977e-05,0.0007063197168329736,target_vs_universe
MA1673.2,MA1673.2	LBD18,248,24590,0.6608903667200918,0.12691500211832646,0.26170748712675596,target_vs_universe
MA1675.2,MA1675.2	NAC029,226,22366,0.864852099225702,0.40828139444989187,0.5954933509293544,target_vs_universe
MA1678.3,MA1678.3	NTL8,265,25658,inf,1.0,1.0,target_vs_universe
MA1679.2,MA1679.2	RAP2-1,47,5883,0.7263870240328609,0.04705708440579498,0.12164324124495128,target_vs_universe
MA1689.2,MA1689.2	ARF18,214,20919,0.9598085613135259,0.8118578602686534,0.9218183552670659,target_vs_universe
MA1691.2,MA1691.2	ARF27,69,7779,0.8112008783459392,0.13964456449947704,0.27897811660585947,target_vs_universe
MA1692.2,MA1692.2	ARF29,222,22282,0.792885278136696,0.17265909994178327,0.32306817521535486,target_vs_universe
MA1693.2,MA1693.2	ARF34,62,10818,0.42026835405686747,2.532142977488757e-10,2.5237025008971278e-08,target_vs_universe
MA1697.2,MA1697.2	ARF4,11,2840,0.34865254519241434,0.0001008017901944937,0.0010274909750506915,target_vs_universe
MA1706.2,MA1706.2	AT1G14600,265,25636,inf,1.0,1.0,target_vs_universe
MA1745.2,MA1745.2	BZIP63,173,16438,1.0599895787597138,0.6997153411452737,0.8368595480097473,target_vs_universe
MA1751.2,MA1751.2	EIL3,239,23356,0.9241110832993005,0.6684582865721782,0.8064689580131711,target_vs_universe
MA1752.2,MA1752.2	ERF025,72,9466,0.6399428989927408,0.001060704783630126,0.006421580528094548,target_vs_universe
MA1775.2,MA1775.2	MYB61,169,18063,0.7446904583956153,0.025666536985451884,0.07804367347779777,target_vs_universe
MA1779.2,MA1779.2	MYB83,219,22084,0.7803997385476796,0.13151893364770195,0.26953866107531826,target_vs_universe
MA1794.2,MA1794.2	NLP7,263,25450,1.3124165029469548,1.0,1.0,target_vs_universe
MA1795.2,MA1795.2	RAP2-4,119,13092,0.7851851386813656,0.05543602989051749,0.1381281078105394,target_vs_universe
MA1797.1,MA1797.1	RAV2,265,25698,inf,1.0,1.0,target_vs_universe
MA1800.1,MA1800.1	TEM1,234,23079,0.8585517625994306,0.41484179923902553,0.6002010071024647,target_vs_universe
MA1807.2,MA1807.2	ZHD10,264,24398,14.131650135256988,2.798835710727486e-05,0.00036919935772390514,target_vs_universe
MA1819.2,MA1819.2	Zm00001d005892,122,15135,0.5957653842688531,3.194111269644001e-05,0.0004152344650537201,target_vs_universe
MA1822.2,MA1822.2	Zm00001d018571,127,9887,1.4722589903591745,0.0018579298070097545,0.00964467675695741,target_vs_universe
MA1823.2,MA1823.2	Zm00001d027846,256,25024,0.7729468599033816,0.43769201720259465,0.6146084658982743,target_vs_universe
MA1824.2,MA1824.2	Zm00001d005692,205,16641,1.860780602127276,1.3055562850543506e-05,0.00021177670240599746,target_vs_universe
MA1828.2,MA1828.2	Zm00001d038683,131,14673,0.7349579031849544,0.014854829103075562,0.049719334721861116,target_vs_universe
MA1835.2,MA1835.2	TFLG2-Zm00001d042777,37,2758,1.350142488200196,0.10978175048575795,0.23279959854781296,target_vs_universe
MA2007.2,MA2007.2	MYB107,260,25377,0.6700555621231824,0.3973138149004741,0.5881031220556523,target_vs_universe
MA2008.2,MA2008.2	MYB99,259,25349,0.6045274632792879,0.1893401039198179,0.3422479100136496,target_vs_universe
MA2011.2,MA2011.2	ERF010,90,10013,0.8059180208585981,0.09993291295742483,0.21704557608428587,target_vs_universe
MA2015.2,MA2015.2	NAC002,182,18622,0.8339171313111969,0.18912921626611504,0.3422479100136496,target_vs_universe
MA2018.2,MA2018.2	NAC69,230,22906,0.8027092090656223,0.2339052287822798,0.4034865196494326,target_vs_universe
MA2019.2,MA2019.2	HSFA1B,33,4191,0.730145262014662,0.09443775273344288,0.20967986188588678,target_vs_universe
MA2021.2,MA2021.2	LBD13,199,22458,0.4357993507071787,7.479607825436973e-08,3.354604109708483e-06,target_vs_universe
MA2025.2,MA2025.2	MYB93,250,24463,0.8454945564049108,0.47298110750427835,0.6437997775892833,target_vs_universe
MA2048.2,MA2048.2	NAC045,191,20489,0.6569543578426393,0.0034460401610241715,0.015611606184033747,target_vs_universe
MA2051.2,MA2051.2	NAC68,231,22949,0.8156256968777315,0.27204539272444267,0.44693171661872727,target_vs_universe
MA2052.2,MA2052.2	ZAT6,256,24266,1.685614073646712,0.13785901857173355,0.2766432654560291,target_vs_universe
MA2055.1,MA2055.1	PK00315.1,159,17309,0.7275116991160668,0.01238537480824773,0.04289452201929812,target_vs_universe
MA2060.1,MA2060.1	PK05451.1,178,18547,0.7895108357828419,0.07367714015002885,0.1716581680898075,target_vs_universe
MA2065.1,MA2065.1	PK08602.1,234,23946,0.5541662288536303,0.0045760119980616755,0.019546108391720586,target_vs_universe
MA2066.1,MA2066.1	PK09021.1,140,11450,1.3942777292576418,0.0075124839853507085,0.02917185339766054,target_vs_universe
MA2067.1,MA2067.1	PK09702.1,182,18695,0.8220985573747249,0.14568243090396682,0.28739273222684847,target_vs_universe
MA2068.1,MA2068.1	PK10344.1,188,20785,0.5778217933137346,0.00011170596943941606,0.0011258455571590584,target_vs_universe
MA2071.1,MA2071.1	PK15505.1,158,15316,1.0015206137128603,1.0,1.0,target_vs_universe
MA2072.1,MA2072.1	PK16335.1,41,5576,0.6607142857142857,0.01324154414348102,0.04533459960573463,target_vs_universe
MA2074.1,MA2074.1	PK17878.1,90,12121,0.5763173712682829,1.792186168148067e-05,0.00027247304963200274,target_vs_universe
MA2076.1,MA2076.1	PK18401.1,147,14137,1.0192924445169125,0.9013262181899651,0.992459964903617,target_vs_universe
MA2078.1,MA2078.1	PK19363.1,33,4922,0.6005811346663117,0.0046034689156078355,0.019570197238389708,target_vs_universe
MA2083.1,MA2083.1	PK21166.1,123,13322,0.8050783306655728,0.08366090790613434,0.19046658475076778,target_vs_universe
MA2087.1,MA2087.1	PK24205.1,183,16318,1.2836625124432395,0.0629136110022111,0.15376977947951867,target_vs_universe
MA2091.1,MA2091.1	PK27109.1,121,13705,0.7356799019011715,0.013316695616297891,0.04541853980159395,target_vs_universe
MA2092.1,MA2092.1	PK27149.1,203,18137,1.3660375244332117,0.035355397087924595,0.098796857283079,target_vs_universe
MA2106.1,MA2106.1	Zm00001d024644,165,17625,0.7563319148936171,0.033181072892947756,0.09448705519039409,target_vs_universe
MA2343.1,MA2343.1	MYB3R3,110,13500,0.6415483870967742,0.00040747398040505173,0.0029715785400270846,target_vs_universe
MA2351.1,MA2351.1	OsEIL3,263,25588,0.5961388150695639,0.33940065338083913,0.5230968833034583,target_vs_universe
MA2353.1,MA2353.1	PK02532.1,247,22694,1.820035643292892,0.011969514189267356,0.04183059500878037,target_vs_universe
MA2354.1,MA2354.1	PK06182.1,165,16397,0.9365463194486796,0.6078058860817982,0.7668172266338684,target_vs_universe
MA2360.1,MA2360.1	PK28565.1,94,10217,0.833250625176363,0.1652836672622681,0.31212515691422,target_vs_universe
MA2362.1,MA2362.1	TEIL,34,3542,0.9209315059117431,0.7202984837890306,0.8535373377995219,target_vs_universe
MA2364.1,MA2364.1	VIT_15s0048g01150,197,20830,0.677881166869052,0.00737051679594199,0.028745015504173764,target_vs_universe
MA2365.1,MA2365.1	VIT_17s0000g10420,157,15343,0.9816739929657873,0.8999000496852121,0.992459964903617,target_vs_universe
MA2374.1,MA2374.1	AHL13,254,21140,4.985189644792293,3.5827483668676375e-11,8.034313212700677e-09,target_vs_universe
MA2390.1,MA2390.1	GLYMA19G26560,264,25479,2.3313316849169903,0.7329457373704042,0.8609315013275453,target_vs_universe
MA2395.1,MA2395.1	PHYPA_011264,257,25215,0.6230071386079714,0.17407496011493087,0.3240250310756774,target_vs_universe
MA2399.1,MA2399.1	LjSGA_053525.1,167,17774,0.7602884745661515,0.03809806244479756,0.10426136978064002,target_vs_universe
MA2400.1,MA2400.1	LjTCP20,197,21818,0.5159946185826059,9.530268657061233e-06,0.00017809689552883182,target_vs_universe
MA2401.1,MA2401.1	Os05g0437700,121,12977,0.8240899497401385,0.12283533556608835,0.255053925932364,target_vs_universe
MA2410.1,MA2410.1	ZmbZIP54,122,10609,1.2138987414696718,0.11752055176441417,0.2474552463208439,target_vs_universe
MA2414.1,MA2414.1	EREB127,106,12837,0.6682246630832749,0.001301092044034489,0.007248941388192153,target_vs_universe
MA2420.1,MA2420.1	SBP6,237,23743,0.6990887539786163,0.0807291946888731,0.184729815397753,target_vs_universe
MA2421.1,MA2421.1	SBP8,127,13471,0.8357141858140783,0.15514307376870445,0.29958523073636456,target_vs_universe
MA2459.1,MA2459.1	EDF3,265,25593,inf,0.6327819256214604,0.7850696919535961,target_vs_universe
MA2461.1,MA2461.1	WOX13,204,19361,1.0956384348796508,0.5671058849535872,0.7319337824508887,target_vs_universe
MA2476.1,MA2476.1	KNAT7,263,25297,2.115685654425426,0.4507329234316835,0.6239312227133026,target_vs_universe
MA2477.1,MA2477.1	NGA4,187,20614,0.5919738390389404,0.00019054871684739415,0.0017264868587082076,target_vs_universe
MA2478.1,MA2478.1	PK13314.1,90,10778,0.7122127084272195,0.008577792352245237,0.03242978375301663,target_vs_universe
MA2479.1,MA2479.1	TCX5,162,12256,1.725785191006109,1.3815188887418221e-05,0.00021740744617568676,target_vs_universe
MA2498.1,MA2498.1	LSH1,186,20093,0.6574781695495692,0.0027276716152199714,0.013041571334505238,target_vs_universe
MA2501.1,MA2501.1	G1,101,10558,0.8834740966276873,0.3468191433182114,0.5308818627242928,target_vs_universe
MA2502.1,MA2502.1	TMF,263,25289,2.1579540511684923,0.45349269417298604,0.6248585970401973,target_vs_universe
MA2604.1,MA2604.1	dof22,264,25648,0.5764192139737991,0.4430488105616868,0.617759990698892,target_vs_universe
MA2605.1,MA2605.1	mybr26,122,13480,0.7736548318150692,0.0412276198760131,0.1108176338676321,target_vs_universe
MA2606.1,MA2606.1	mybr43,172,18684,0.6948847038349183,0.005572731007966375,0.022714742767385172,target_vs_universe
MA2607.1,MA2607.1	tcptf23,257,25317,0.49106825453252756,0.06754867195231104,0.1624427848290161,target_vs_universe
MA2609.1,MA2609.1	ereb172,242,24286,0.6143385525387681,0.03059741611214428,0.08825042524949651,target_vs_universe
MA2612.1,MA2612.1	ereb147,150,15957,0.796733612888987,0.07470919499643665,0.1736117821549318,target_vs_universe
MA2620.1,MA2620.1	g2,145,16275,0.7000537634408602,0.004752749214212609,0.020015098803515072,target_vs_universe
MA2621.1,MA2621.1	glk25,249,24739,0.6070501030761146,0.07131910048114405,0.16924135749096883,target_vs_universe
MA2624.1,MA2624.1	myb37,263,25485,1.1300176574455563,1.0,1.0,target_vs_universe
MA2647.1,MA2647.1	GLYMA-12G226000,260,25138,1.170817089665049,1.0,1.0,target_vs_universe
MA2649.1,MA2649.1	GLYMA-08G271900,264,25499,2.1224361739676065,0.7276748505215755,0.8590252175079683,target_vs_universe
MA2668.1,MA2668.1	GLYMA-20G155100,75,8147,0.8506683118745679,0.2592134271345291,0.4356596894218847,target_vs_universe
MA2671.1,MA2671.1	GLYMA-19G100900,187,16994,1.2287670158095014,0.13364767566974323,0.2706139166495704,target_vs_universe
MA2710.1,MA2710.1	SolycHsfB1,211,20165,1.0733017421090816,0.7073100049115485,0.8436929180926317,target_vs_universe
MA2711.1,MA2711.1	SolycHsfB2b,253,24017,1.48093364422423,0.2115176518801623,0.3727733875869048,target_vs_universe
MA2726.1,MA2726.1	SlWRKY41,261,25171,1.3816793134956895,0.6665547709497335,0.8063985192805426,target_vs_universe
MA2727.1,MA2727.1	SolycHsfA7,254,24765,0.8755244755244755,0.6205522691076355,0.7769710115763173,target_vs_universe
MA2736.1,MA2736.1	la3,229,19655,1.957688176601939,7.571871249459724e-05,0.0008183088682851897,target_vs_universe
MA2744.1,MA2744.1	SlWRKY40,204,19300,1.1096712817463688,0.5206385145583032,0.688809362181118,target_vs_universe
MA2745.1,MA2745.1	SlWRKY81,255,24845,0.8816462064801771,0.6078116478669793,0.7668172266338684,target_vs_universe
MA2749.1,MA2749.1	TraesCS2D02G576500,7,2152,0.2969366877035244,0.00019655834543464467,0.0017598272296282858,target_vs_universe
MA2754.1,MA2754.1	wrky38,103,10382,0.93833225121352,0.6596943865261293,0.8018236649240352,target_vs_universe
MA2760.1,MA2760.1	p2,260,25427,0.5664844456679907,0.2172573413848031,0.3806246781682976,target_vs_universe
MA0008.4,MA0008.4	HAT5,99,6715,1.6864877230440751,7.708768352094952e-05,0.0008183088682851897,target_vs_universe
MA0054.1,MA0054.1	myb.Ph3,221,21542,0.9704108675652636,0.8668210991583287,0.9694994089090035,target_vs_universe
MA0566.2,MA0566.2	MYC2,74,7207,0.9943633916124304,1.0,1.0,target_vs_universe
MA0575.2,MA0575.2	MYB77,245,24217,0.7521885452368171,0.2323971148377964,0.4016574412514516,target_vs_universe
MA0579.2,MA0579.2	CDC5,132,15398,0.6642753135599097,0.0010280816668440287,0.006316364761363656,target_vs_universe
MA0990.2,MA0990.2	HDG11,134,9830,1.651833847157401,5.853878411950259e-05,0.000700123858069251,target_vs_universe
MA0992.3,MA0992.3	ERF4,133,16295,0.58179075195031,1.58939199369479e-05,0.0002458076928179701,target_vs_universe
MA1005.3,MA1005.3	ERF082,82,11356,0.5661463957331239,1.23828189171346e-05,0.00020966822713878127,target_vs_universe
MA1046.1,MA1046.1	NTL9,235,18380,3.121400072542619,2.4586266318684707e-11,7.3512936292867275e-09,target_vs_universe
MA1047.3,MA1047.3	TGA5,148,11504,1.5614041344222152,0.0003838051576154777,0.0028219116916482255,target_vs_universe
MA1054.2,MA1054.2	ARALYDRAFT_897773,64,6732,0.8973315241971959,0.4828736602842366,0.6553051536900905,target_vs_universe
MA1059.3,MA1059.3	SPL5,258,25111,0.8703869106879739,0.6780955234252357,0.814828638325132,target_vs_universe
MA1083.3,MA1083.3	WRKY30,115,9031,1.4154172664525893,0.006514002492508435,0.025611016361265504,target_vs_universe
MA1167.2,MA1167.2	EFM,204,19638,1.0330122762993794,0.8844223074905886,0.9854991426323702,target_vs_universe
MA1173.2,MA1173.2	MYB101,96,10166,0.8682195088163701,0.28343461488486066,0.46058124918789856,target_vs_universe
MA1175.2,MA1175.2	MYB81,81,8116,0.9539851501060707,0.7904905686914365,0.9102708403531575,target_vs_universe
MA1182.2,MA1182.2	RVE8,264,24957,7.901911287414353,0.008248272443253778,0.031350425345756945,target_vs_universe
MA1183.2,MA1183.2	RVE6,174,14552,1.465338399917839,0.003334728895304836,0.015184019386235724,target_vs_universe
MA1184.2,MA1184.2	RVE1,144,11426,1.4871346052861893,0.0014931219950610045,0.008117154118604369,target_vs_universe
MA1185.2,MA1185.2	LHY,264,25429,2.855008061661882,0.5363742076239333,0.7013522802312947,target_vs_universe
MA1187.2,MA1187.2	RVE4,244,22166,1.8545606097712928,0.005147505274430312,0.021376445514648103,target_vs_universe
MA1190.2,MA1190.2	RVE5,264,25256,4.682926829268292,0.0966972582799684,0.21259176636551877,target_vs_universe
MA1191.2,MA1191.2	RVE7L,260,24115,3.4264150943396228,0.0017705970538789704,0.009359426340564879,target_vs_universe
MA1197.2,MA1197.2	CAMTA1,214,21500,0.8204797081623347,0.21066072081851317,0.37270742914044636,target_vs_universe
MA1210.3,MA1210.3	HAT22,195,17989,1.194718200805254,0.2250686716817843,0.39277548346023444,target_vs_universe
MA1211.2,MA1211.2	ATHB-X,241,21551,1.9350861522280483,0.0013176489463754466,0.007295871017893676,target_vs_universe
MA1213.3,MA1213.3	ZHD3,242,22186,1.6684160398841417,0.01884162141020066,0.05951033241179575,target_vs_universe
MA1215.2,MA1215.2	ATHB-53,248,21687,2.702122985035763,7.739357687559593e-06,0.00015091747490741207,target_vs_universe
MA1220.2,MA1220.2	TINY,139,16098,0.6582864478876406,0.0008774244755930273,0.0055038444378108075,target_vs_universe
MA1223.2,MA1223.2	ERF035,181,19826,0.6388424531519458,0.0011773105046582692,0.006645769297318765,target_vs_universe
MA1229.2,MA1229.2	ERF034,69,8829,0.6728608874742558,0.004169430859498,0.018423544241230078,target_vs_universe
MA1230.2,MA1230.2	ERF037,161,18304,0.625861518289403,0.00028997638300564554,0.002242317375483311,target_vs_universe
MA1234.2,MA1234.2	ERF017,215,22315,0.6530450369706475,0.01038261423732615,0.03740242960193396,target_vs_universe
MA1241.2,MA1241.2	ERF043,123,14891,0.6289832879487657,0.0002129164151224132,0.0017797137754749282,target_vs_universe
MA1245.3,MA1245.3	ERF112,242,24090,0.7049434187016081,0.1252524081152162,0.2588742167726934,target_vs_universe
MA1251.2,MA1251.2	RAP2-9,259,25354,0.5958954537088165,0.18341692822810504,0.33645191128959145,target_vs_universe
MA1258.2,MA1258.2	DREB2A,170,18298,0.7242781782305803,0.014051618967690553,0.047384594789542954,target_vs_universe
MA1259.2,MA1259.2	ERF023,243,24559,0.5149658151612628,0.006383524255085484,0.02544898336360746,target_vs_universe
MA1260.2,MA1260.2	ERF013,115,13259,0.719599265907434,0.009347900152435078,0.03428462620164718,target_vs_universe
MA1263.2,MA1263.2	ERF055,261,25455,0.6382734236888628,0.33280218840361353,0.5155847374750282,target_vs_universe
MA1294.2,MA1294.2	MYB62,203,19707,0.9963636631490038,1.0,1.0,target_vs_universe
MA1298.2,MA1298.2	WRKY29,241,23244,1.0627473756668389,0.9162408928651847,1.0,target_vs_universe
MA1305.2,MA1305.2	WRKY55,225,21730,1.0287045559134838,0.9320282369091684,1.0,target_vs_universe
MA1312.2,MA1312.2	WRKY47,244,23510,1.0843126531769662,0.8250148360654936,0.9332135030904765,target_vs_universe
MA1317.2,MA1317.2	WRKY50,163,15142,1.1146803722149274,0.41485465373860436,0.6002010071024647,target_vs_universe
MA1323.2,MA1323.2	GATA19,175,18582,0.7452552649517454,0.027203782318858855,0.080533969438998,target_vs_universe
MA1329.3,MA1329.3	ZHD1,224,16805,2.8931226914173336,4.410866294369356e-12,2.8488529128301952e-09,target_vs_universe
MA1357.2,MA1357.2	bHLH80,222,21820,0.9189862085136317,0.6051407981026911,0.7668172266338684,target_vs_universe
MA1364.2,MA1364.2	BHLH72,117,11197,1.0242361008860965,0.8520404558982535,0.955891134093159,target_vs_universe
MA1382.2,MA1382.2	FAR1,72,8999,0.6925121789582838,0.007825187390502917,0.02999655166359452,target_vs_universe
MA1397.2,MA1397.2	AT1G74840,56,5433,0.9997173044050315,1.0,1.0,target_vs_universe
MA1401.2,MA1401.2	RVE7,215,19338,1.41554452373565,0.026396696825866414,0.07919009047759924,target_vs_universe
MA1405.2,MA1405.2	SIZF2,100,12072,0.6843785770227122,0.0029237874735261694,0.013803354546068285,target_vs_universe
MA1406.2,MA1406.2	ATHB-4,255,23509,2.3808966778680505,0.0037086094327851483,0.016633113306041388,target_vs_universe
MA1409.2,MA1409.2	OsRR22,187,18397,0.952223955132038,0.732272494790107,0.8609315013275453,target_vs_universe
MA1415.2,MA1415.2	REF6,232,24530,0.33646864074911365,2.7652439287744814e-07,1.0335099183794624e-05,target_vs_universe
MA1424.2,MA1424.2	ERF019,34,5418,0.551092318534179,0.0008018302074210685,0.005101004936572329,target_vs_universe
MA1430.2,MA1430.2	TB1,212,22204,0.6305170239596469,0.0039271831193907845,0.01748927002435373,target_vs_universe
MA1672.2,MA1672.2	GBF2,228,22532,0.8674941584581208,0.39948600304331383,0.5892950827088248,target_vs_universe
MA1694.2,MA1694.2	ARF35,190,19901,0.7387032477429945,0.03206855434722963,0.0919025343433386,target_vs_universe
MA1698.2,MA1698.2	ARF7,114,13708,0.6606786388573792,0.0010041986890280256,0.006212180855573372,target_vs_universe
MA1744.2,MA1744.2	BZIP30,143,14081,0.9675222163105498,0.804237094834753,0.9182439110666866,target_vs_universe
MA1765.2,MA1765.2	MYB121,265,25688,inf,1.0,1.0,target_vs_universe
MA1776.3,MA1776.3	MYB67,171,16660,0.9875379939209726,0.9484694759677701,1.0,target_vs_universe
MA1810.2,MA1810.2	GLYMA-08G357600,243,22541,1.5499211537763509,0.04788440866369319,0.1228175994864448,target_vs_universe
MA1812.2,MA1812.2	ASR1,157,17888,0.6351827005896773,0.0003687388860710607,0.0027563231733811785,target_vs_universe
MA1813.2,MA1813.2	EIL4,100,11166,0.7890837444840669,0.07063465145373174,0.16837631313292148,target_vs_universe
MA1820.2,MA1820.2	Zm00001d024324,93,12416,0.5786719311915608,1.834129887361995e-05,0.00027420241816061825,target_vs_universe
MA2014.2,MA2014.2	BAM8,212,20673,0.9734436221158033,0.8762999558629627,0.9788805235480418,target_vs_universe
MA2027.2,MA2027.2	MYB44,155,16289,0.8144509122162753,0.10913500767100634,0.23197654474145188,target_vs_universe
MA2029.2,MA2029.2	MYB88,20,3414,0.5329794483698576,0.00457065327162272,0.019546108391720586,target_vs_universe
MA2032.2,MA2032.2	TRB1,253,24775,0.7905718129835183,0.4064439482894571,0.5937788625661938,target_vs_universe
MA2039.2,MA2039.2	ASIL2,201,22048,0.5207785286647315,1.9330304050784326e-05,0.00027966585054118616,target_vs_universe
MA2040.2,MA2040.2	ENAP2,200,22467,0.4433168647349446,1.3031557490461475e-07,5.566336699497116e-06,target_vs_universe
MA2042.2,MA2042.2	MYB58,250,24539,0.7912574541206515,0.37155941692035754,0.5573975633240883,target_vs_universe
MA2053.2,MA2053.2	NAC105,183,19910,0.6494481263245581,0.0018601216041846508,0.00964467675695741,target_vs_universe
MA2079.1,MA2079.1	PK19717.1,215,21688,0.7962375507192918,0.14881394827629235,0.2914543921481097,target_vs_universe
MA2372.1,MA2372.1	AZF1,174,17096,0.9627546061799689,0.7936460428966443,0.9115243283972982,target_vs_universe
MA2377.1,MA2377.1	cassava45561.m1,111,12681,0.7402182629294056,0.016037803738666104,0.0526956408556172,target_vs_universe
MA2380.1,MA2380.1	DOF4.7,250,23388,1.650419018299983,0.06520263455920013,0.1585007132780556,target_vs_universe
MA2418.1,MA2418.1	IG1,123,15412,0.5784389701823711,1.238842367709633e-05,0.00020966822713878127,target_vs_universe
MA2452.1,MA2452.1	SPL8A,239,23370,0.9180507554063395,0.6670542935408725,0.8063985192805426,target_vs_universe
MA2453.1,MA2453.1	SPL8B,57,4551,1.2737278789108057,0.10649457868177511,0.2269017507780339,target_vs_universe
MA2499.1,MA2499.1	LSH2,265,25689,inf,1.0,1.0,target_vs_universe
MA2618.1,MA2618.1	ereb102,35,5439,0.5669800235017627,0.001098346883357027,0.006421580528094548,target_vs_universe
MA2622.1,MA2622.1	hb34,235,21370,1.5886601154266105,0.016314076383816857,0.05340776100833475,target_vs_universe
MA2641.1,MA2641.1	GLYMA-01G038600,259,25048,1.1305227296923241,1.0,1.0,target_vs_universe
MA2643.1,MA2643.1	SNAC23,56,5996,0.8806891994982301,0.4226166250133858,0.6007719693137988,target_vs_universe
MA2648.1,MA2648.1	GLYMA-19G146000,34,3592,0.9060634984911154,0.6562575959578137,0.7999547674088375,target_vs_universe
MA2651.1,MA2651.1	GLYMA-20G154400,241,24019,0.7044509901883231,0.10504612609514617,0.22488395013686424,target_vs_universe
MA2655.1,MA2655.1	GLYMA-08G218600,265,25693,inf,1.0,1.0,target_vs_universe
MA2658.1,MA2658.1	GLYMA-19G094100,44,3469,1.2761250585339574,0.14813814883037396,0.2907656881856574,target_vs_universe
MA2662.1,MA2662.1	GLYMA-13G153200,263,25605,0.5084358523725835,0.27558471291606307,0.4510939552658916,target_vs_universe
MA2665.1,MA2665.1	GLYMA-11G053600,242,24472,0.5296985374589593,0.005997138432343158,0.024231680963116273,target_vs_universe
MA2670.1,MA2670.1	GLYMA-15G168800,218,20190,1.2667446492365084,0.15283036125162708,0.2967290780145227,target_vs_universe
MA2725.1,MA2725.1	SlWRKY6,124,11523,1.0822905530290021,0.5351297305156497,0.7013522802312947,target_vs_universe
MA2729.1,MA2729.1	vahox1,195,13989,2.3328788946417083,2.2954050922045234e-10,2.5237025008971278e-08,target_vs_universe
MA2743.1,MA2743.1	SlWRKY23,261,25048,1.7088789524113701,0.4277520432534596,0.6051949255494531,target_vs_universe
MA2747.1,MA2747.1	TraesCS6A02G290800,206,16310,2.010998763366553,8.912385443205006e-07,2.7213051397403564e-05,target_vs_universe
MA2748.1,MA2748.1	TraesCS6B02G321100,263,24937,4.044612423306733,0.027139893154748955,0.080533969438998,target_vs_universe
MA2750.1,MA2750.1	TraesCS7B02G142200,161,15559,1.009399086356153,1.0,1.0,target_vs_universe
MA0001.3,MA0001.3	AGL3,83,9154,0.8245059506803006,0.15606044233608113,0.29958523073636456,target_vs_universe
MA0123.1,MA0123.1	abi4,172,19938,0.5348580599859565,3.822429881311823e-06,8.571799008841763e-05,target_vs_universe
MA0549.2,MA0549.2	BZR2,58,7216,0.7178786807630922,0.02756251580426753,0.08132755485667097,target_vs_universe
MA0550.3,MA0550.3	BZR1,58,5458,1.0393536589467571,0.8208025925385721,0.9307963660013896,target_vs_universe
MA0563.2,MA0563.2	SEP3,265,25637,inf,1.0,1.0,target_vs_universe
MA0570.3,MA0570.3	ABF1,184,18374,0.9062187981675663,0.45284728336213464,0.6248585970401973,target_vs_universe
MA0589.2,MA0589.2	WRKY1,145,14209,0.9775347784268187,0.8525227505847572,0.955891134093159,target_vs_universe
MA0960.1,MA0960.1	BHLH104,122,12091,0.9605399149688291,0.7574671482693026,0.8824000415552786,target_vs_universe
MA0968.3,MA0968.3	BZIP68,255,24968,0.7516821531560397,0.35255670127793826,0.5345200074711056,target_vs_universe
MA0976.3,MA0976.3	CRF4,68,9051,0.6350948685031859,0.0011769003200137222,0.006645769297318765,target_vs_universe
MA1000.3,MA1000.3	ERF105,85,11662,0.56859410430839,1.290044971837739e-05,0.00021177670240599746,target_vs_universe
MA1001.4,MA1001.4	ERF076,218,23145,0.512828008438935,0.00011887565243666751,0.001171774288304294,target_vs_universe
MA1068.3,MA1068.3	TGA2,95,7705,1.3054204679925183,0.04311088219928231,0.1130715243647843,target_vs_universe
MA1069.3,MA1069.3	TGA6,261,24786,2.4166666666666665,0.09140125788695193,0.2049673208114897,target_vs_universe
MA1070.3,MA1070.3	TGA7,26,2352,1.0800956365809922,0.6689107076497205,0.8064689580131711,target_vs_universe
MA1087.3,MA1087.3	WRKY45,117,10077,1.2259379802547412,0.11377982992625321,0.2401423704561156,target_vs_universe
MA1163.3,MA1163.3	PHL11,216,19749,1.3292122256771461,0.07857875341519058,0.1811957373095783,target_vs_universe
MA1174.2,MA1174.2	MYB56,76,7057,1.062528631183867,0.6781407087588676,0.814828638325132,target_vs_universe
MA1176.2,MA1176.2	MYB119,263,25517,0.963690872751499,0.7195122688066253,0.8535373377995219,target_vs_universe
MA1181.2,MA1181.2	MYB113,216,19583,1.3778464661665106,0.04230870478927741,0.11178940668203237,target_vs_universe
MA1240.2,MA1240.2	ERF077,241,24664,0.42342415396259053,0.0002693054764615116,0.0021190088805787357,target_vs_universe
MA1243.2,MA1243.2	DREB2E,111,11749,0.8561132033342435,0.2159218586060765,0.3790252586490227,target_vs_universe
MA1246.2,MA1246.2	LEP,258,25175,0.7744758121719393,0.508637066387115,0.6799514881508825,target_vs_universe
MA1247.2,MA1247.2	ERF087,45,7778,0.471417050421936,1.0519947447509197e-06,2.948872768879922e-05,target_vs_universe
MA1252.2,MA1252.2	ERF086,168,19118,0.5966461142573039,9.39363018807381e-05,0.0009797774742676985,target_vs_universe
MA1261.2,MA1261.2	ERF122,155,17019,0.7190760059612519,0.009044469284588179,0.033654949984094434,target_vs_universe
MA1293.2,MA1293.2	MYB57,151,13559,1.1864295483158076,0.17411378481435508,0.3240250310756774,target_vs_universe
MA1296.2,MA1296.2	WRKY46,100,8552,1.2155228619213652,0.13191685997466407,0.26953866107531826,target_vs_universe
MA1299.2,MA1299.2	WRKY17,265,25689,inf,1.0,1.0,target_vs_universe
MA1301.2,MA1301.2	WRKY33,189,17252,1.2183392924695229,0.16722454911855486,0.3146827933726079,target_vs_universe
MA1302.2,MA1302.2	WRKY65,264,25130,6.03008356545961,0.033777397990013,0.09557831544808096,target_vs_universe
MA1303.2,MA1303.2	WRKY22,138,12233,1.196581339618986,0.15514307376870445,0.29958523073636456,target_vs_universe
MA1304.2,MA1304.2	WRKY59,141,13133,1.0884370325429906,0.4976801635753581,0.6682920759387668,target_vs_universe
MA1308.2,MA1308.2	WRKY70,235,21453,1.5522071505150794,0.02423200939983855,0.07418468406708252,target_vs_universe
MA1314.2,MA1314.2	WRKY14,248,23215,1.564080019257326,0.07531782314723635,0.17457386915522224,target_vs_universe
MA1316.2,MA1316.2	WRKY71,264,25089,6.4713619514528276,0.023680525026729165,0.07274462653758924,target_vs_universe
MA1331.2,MA1331.2	BEH4,122,11814,1.0030649898603174,1.0,1.0,target_vs_universe
MA1332.2,MA1332.2	BEH2,127,11813,1.0821761091011255,0.5359818033197064,0.7013522802312947,target_vs_universe
MA1333.2,MA1333.2	BEH3,69,7105,0.9215492108173319,0.5815325054432418,0.7451923676894112,target_vs_universe
MA1344.2,MA1344.2	BZIP28,250,23906,1.2535207339858891,0.46727980735703345,0.6370060595733419,target_vs_universe
MA1346.2,MA1346.2	TGA10,119,10254,1.2280874019093118,0.10135255666584567,0.21906805621509293,target_vs_universe
MA1349.2,MA1349.2	BZIP16,224,22703,0.7221824127680558,0.06722194101090231,0.16233522222781216,target_vs_universe
MA1369.2,MA1369.2	HDG1,262,23865,6.729771632097213,9.91424120774955e-06,0.00018149131353778258,target_vs_universe
MA1372.2,MA1372.2	ZAT10,170,17572,0.8281356703847029,0.14463307189511904,0.28739273222684847,target_vs_universe
MA1375.2,MA1375.2	ANL2,261,24536,3.1061297685034237,0.015867930763389073,0.052406473413099806,target_vs_universe
MA1383.2,MA1383.2	KAN2,124,10642,1.2446921804545352,0.07941822208646598,0.18266191079887176,target_vs_universe
MA1385.2,MA1385.2	AT2G40260,192,17990,1.1277863653323383,0.4188619978052251,0.6007719693137988,target_vs_universe
MA1391.3,MA1391.3	MYB33,37,3944,0.8953418027828192,0.6069922116777156,0.7668172266338684,target_vs_universe
MA1396.2,MA1396.2	GATA6,146,15800,0.7690586107860866,0.036318571297789704,0.10085993329448101,target_vs_universe
MA1665.3,MA1665.3	HSFB2A,89,10631,0.7169731958851044,0.011985252485570367,0.04183059500878037,target_vs_universe
MA1688.2,MA1688.2	ARF16,79,10563,0.6088095085401569,0.0002001129014545561,0.0017598272296282858,target_vs_universe
MA1735.2,MA1735.2	AT2G38300,237,22222,1.3262821913933425,0.1754132260655528,0.32576741983602664,target_vs_universe
MA1742.2,MA1742.2	BIZP18,261,25396,0.7913450937155457,0.564435825551769,0.7305900945453633,target_vs_universe
MA1757.2,MA1757.2	HDG7,215,17631,1.9689127105666155,7.041792910211475e-06,0.00014355655091953848,target_vs_universe
MA1762.2,MA1762.2	MYB10,251,24625,0.7855808556925308,0.35522890262027507,0.5373361309450029,target_vs_universe
MA1764.2,MA1764.2	MYB116,65,6110,1.0422340425531915,0.7718822224647608,0.8933914239366328,target_vs_universe
MA1770.2,MA1770.2	MYB40,249,24061,1.0626818295166451,0.8999743955238944,0.992459964903617,target_vs_universe
MA1771.2,MA1771.2	MYB41,165,15974,1.005039439088519,1.0,1.0,target_vs_universe
MA1774.2,MA1774.2	MYB60,237,23347,0.8545132748777756,0.45314267758804483,0.6248585970401973,target_vs_universe
MA1781.2,MA1781.2	MYB94,263,25654,0.25629531457082716,0.09872357320459726,0.21546239699397504,target_vs_universe
MA1785.2,MA1785.2	NAC018,49,4177,1.1691261227710832,0.3160700480665122,0.5013125540040504,target_vs_universe
MA1787.2,MA1787.2	NAC047,244,23949,0.8514521930530949,0.4623624410116325,0.6322242524198693,target_vs_universe
MA1803.2,MA1803.2	VIP1,121,13517,0.7575989700212901,0.025992302124658778,0.07850200338659571,target_vs_universe
MA1808.3,MA1808.3	GLYMA-06G314400,142,14750,0.8573614441229158,0.23553688808496204,0.4055212833247811,target_vs_universe
MA1814.2,MA1814.2	RIN,258,24456,1.8808355530632273,0.11133063921326043,0.2355273192789967,target_vs_universe
MA1817.2,MA1817.2	Zm00001d020267,232,23629,0.6173718222471872,0.012673340446680195,0.04355550337422274,target_vs_universe
MA1818.1,MA1818.1	Zm00001d052229,106,14638,0.5039850617115271,4.4711417413356565e-08,2.2281189677656024e-06,target_vs_universe
MA1821.2,MA1821.2	Zm00001d020595,93,12360,0.5837435086927072,2.433620733303488e-05,0.00033583966119588135,target_vs_universe
MA1831.2,MA1831.2	Zm00001d031796,116,13745,0.6773635806553207,0.001920540693494649,0.00990071840267069,target_vs_universe
MA1832.2,MA1832.2	Zm00001d002364,260,25416,0.5892351274787535,0.22988286707808886,0.3985392731869225,target_vs_universe
MA2020.2,MA2020.2	HSFB4,254,25209,0.45340949660835417,0.020704643481263493,0.06493729091850822,target_vs_universe
MA2023.2,MA2023.2	PHL4,193,18130,1.1198305448305448,0.4562427715826504,0.6267224595859685,target_vs_universe
MA2026.2,MA2026.2	MYB108,216,20284,1.1778862600058757,0.32543217174125644,0.509446174610658,target_vs_universe
MA2041.2,MA2041.2	MYB13,253,24739,0.822402549281162,0.5132935565101061,0.6814285927284378,target_vs_universe
MA2388.1,MA2388.1	GATA1,109,12887,0.6949226312344183,0.003667241673754774,0.01653023005707554,target_vs_universe
MA2409.1,MA2409.1	ZmbZIP25,265,25689,inf,1.0,1.0,target_vs_universe
MA2411.1,MA2411.1	ZmbZIP57,182,17210,1.082242742031461,0.5995573913975214,0.7650113514702371,target_vs_universe
MA2412.1,MA2412.1	ZmbZIP72,139,13751,0.9589299710381813,0.7571132385477026,0.8824000415552786,target_vs_universe
MA2415.1,MA2415.1	EREB138,72,9755,0.6099319334046842,0.000272318527936074,0.002124084517901377,target_vs_universe
MA2416.1,MA2416.1	EREB29,215,22913,0.5237768952123248,0.00014355142568864336,0.0013550139680663135,target_vs_universe
MA2417.1,MA2417.1	EREB71,178,19558,0.642937657871136,0.0010959360899338252,0.006421580528094548,target_vs_universe
MA2419.1,MA2419.1	UB3,197,20064,0.8143646214466648,0.15630533777549455,0.29958523073636456,target_vs_universe
MA2422.1,MA2422.1	OsbZIP42,175,17798,0.8637362500156073,0.25641506244816425,0.43233893048120925,target_vs_universe
MA2433.1,MA2433.1	SPL15D,192,20076,0.7373187367455724,0.030387601730587025,0.08792799597527924,target_vs_universe
MA2454.1,MA2454.1	SPL8D1,223,18815,1.9440504663199323,3.425318801417026e-05,0.00043274802322127776,target_vs_universe
MA2610.1,MA2610.1	ereb97,178,20171,0.5612210998263696,2.3541956792480385e-05,0.0003299552381696079,target_vs_universe
MA2626.1,MA2626.1	bzip40,199,21481,0.5927556840223849,0.0004457041726279235,0.0032241664745745755,target_vs_universe
MA2644.1,MA2644.1	GLYMA-14G030700,11,2840,0.34865254519241434,0.0001008017901944937,0.0010274909750506915,target_vs_universe
MA2653.1,MA2653.1	GLYMA-03G042700,265,25699,inf,1.0,1.0,target_vs_universe
MA2656.1,MA2656.1	GLYMA-14G006800,252,24785,0.7187597957821884,0.24251176411287445,0.4143486712557112,target_vs_universe
MA2657.1,MA2657.1	GLYMA-14G028900,265,25703,inf,1.0,1.0,target_vs_universe
MA2661.1,MA2661.1	GLYMA-03G081700,139,13362,1.0189628014055494,0.9017334129280354,0.992459964903617,target_vs_universe
MA2672.1,MA2672.1	GLYMA-01G233000,254,25089,0.566021327709717,0.06897146673607724,0.16542087075470932,target_vs_universe
MA2716.1,MA2716.1	dreb3,243,24501,0.542332223916649,0.012031542377107397,0.04183059500878037,target_vs_universe
MA2719.1,MA2719.1	lat61,139,12000,1.2598253968253967,0.06349709267262667,0.1547741633895275,target_vs_universe
MA2720.1,MA2720.1	nacnor,110,9627,1.1851546557564914,0.1806921516901484,0.3339030905652767,target_vs_universe
MA2723.1,MA2723.1	Solyc06g060230,166,16913,0.87154642266095,0.2978258890319252,0.4770919286152435,target_vs_universe
MA2730.1,MA2730.1	Solyc01g079480,140,14904,0.8115942028985508,0.09169961960629461,0.20512358799712285,target_vs_universe
MA2735.1,MA2735.1	SlbHLH014,133,13450,0.9179801734820322,0.49708286132016627,0.6682920759387668,target_vs_universe
MA2737.1,MA2737.1	SlERF36,145,17640,0.5523809523809524,2.789382753556978e-06,6.950212027612803e-05,target_vs_universe
MA2738.1,MA2738.1	Cnr,8,522,1.5016771769757145,0.2671570746950856,0.44318012945233165,target_vs_universe
MA2740.1,MA2740.1	SlTCP15,26,2885,0.8604511867036976,0.5565536934866953,0.7226841561239778,target_vs_universe
MA2742.1,MA2742.1	SlWRKY11,262,25244,1.591401257064385,0.6371730628130536,0.7874682105873595,target_vs_universe
MA2751.1,MA2751.1	TraesCS2B02G304400,169,15813,1.1011371181938912,0.4852982439709813,0.6575717897914958,target_vs_universe
MA2753.1,MA2753.1	cpp8,254,24009,1.630184135494644,0.13309445710284645,0.270103457061659,target_vs_universe
MA2761.1,MA2761.1	myb100,67,5500,1.2430376492194675,0.13221517377161654,0.26953866107531826,target_vs_universe
MA2762.1,MA2762.1	myb53,123,11738,1.030610824600011,0.8046150658845214,0.9182439110666866,target_vs_universe
MA0954.3,MA0954.3	ATHB-7,113,9869,1.1928333537765785,0.16283045659392048,0.3081411805163432,target_vs_universe
MA0994.3,MA0994.3	ERF8,25,5157,0.4150305410122164,4.291757491603205e-06,9.389527975531891e-05,target_vs_universe
MA1062.3,MA1062.3	TCP15,65,8604,0.6459205020920502,0.002032294181791372,0.010357772051516253,target_vs_universe
MA1065.3,MA1065.3	TCP20,25,3577,0.6443656229615133,0.039302872129509836,0.10715707082118639,target_vs_universe
MA1079.3,MA1079.3	WRKY21,248,23488,1.3763423625581022,0.2261577920589834,0.39390978539205457,target_vs_universe
MA1094.3,MA1094.3	WRKY8,193,18415,1.0610138172383625,0.7319790201648742,0.8609315013275453,target_vs_universe
MA1186.2,MA1186.2	YAB4,91,9268,0.9274750842101608,0.607044064926509,0.7668172266338684,target_vs_universe
MA1192.2,MA1192.2	DIV1,243,22709,1.4567412199408325,0.10079202465070008,0.21838272007651682,target_vs_universe
MA1208.2,MA1208.2	GT-2,265,25524,inf,0.26985522601090756,0.44414704170969554,target_vs_universe
MA1214.2,MA1214.2	ATHB-40,221,18355,2.011006413907531,7.674395826383794e-06,0.00015091747490741207,target_vs_universe
MA1235.1,MA1235.1	AIL7,65,7159,0.8418948177119709,0.2419944267870281,0.4142538183739775,target_vs_universe
MA1242.1,MA1242.1	DREB2F,17,3565,0.42569221372664345,0.0002142799194551753,0.0017797137754749282,target_vs_universe
MA1256.2,MA1256.2	RAP2-12,224,22972,0.6497496421943151,0.01589137209405033,0.052406473413099806,target_vs_universe
MA1266.2,MA1266.2	RAP2-11,156,17614,0.65733783489572,0.0010917203879176672,0.006421580528094548,target_vs_universe
MA1273.2,MA1273.2	DOF4.2,181,16903,1.121934539656246,0.3983595598551116,0.5886796131631551,target_vs_universe
MA1277.2,MA1277.2	DOF1.7,173,15580,1.2219205224088854,0.12937386685538785,0.26616596002129106,target_vs_universe
MA1282.2,MA1282.2	TCP13,135,15490,0.6847544321398421,0.002417447300825771,0.011971839979393873,target_vs_universe
MA1284.2,MA1284.2	TCP1,183,20123,0.618951375867682,0.0005469205998443228,0.003832717016096543,target_vs_universe
MA1285.2,MA1285.2	TCP9,68,9032,0.6371570007148862,0.00117801261791938,0.006645769297318765,target_vs_universe
MA1287.2,MA1287.2	TCP21,156,17611,0.657693612051267,0.0010939729445867646,0.006421580528094548,target_vs_universe
MA1288.2,MA1288.2	TCP22,229,23704,0.5367120410994862,0.0011734932114813505,0.006645769297318765,target_vs_universe
MA1290.1,MA1290.1	TCP17,166,18225,0.688095772540217,0.0042417448928600485,0.018470122179104192,target_vs_universe
MA1291.1,MA1291.1	TCP7,106,12467,0.7078420363091896,0.006470811284893829,0.025576333536107897,target_vs_universe
MA1297.2,MA1297.2	WRKY26,263,25570,0.689127884239343,0.40498459152063165,0.5934304050668022,target_vs_universe
MA1306.2,MA1306.2	WRKY11,262,25421,0.9722407982901276,0.7689921305390124,0.8911963063223438,target_vs_universe
MA1309.1,MA1309.1	WRKY3,112,9357,1.278874785994338,0.05413532970101321,0.1356407562620359,target_vs_universe
MA1313.2,MA1313.2	WRKY7,236,22368,1.2137043066449609,0.3586256185304854,0.5415609087909855,target_vs_universe
MA1315.2,MA1315.2	WRKY24,226,20775,1.3748699435342036,0.07076685624427134,0.16837631313292148,target_vs_universe
MA1318.2,MA1318.2	WRKY27,264,25652,0.5351629502572899,0.41967289283331954,0.6007719693137988,target_vs_universe
MA1335.1,MA1335.1	TGA4,128,11791,1.1024516410202758,0.4572976514070569,0.6272109989482111,target_vs_universe
MA1336.2,MA1336.2	TGA3,203,18185,1.3537894578126248,0.041353936661049626,0.1108176338676321,target_vs_universe
MA1338.3,MA1338.3	DPBF3,107,11074,0.8946774632335291,0.3835061164610257,0.5714368545939204,target_vs_universe
MA1348.1,MA1348.1	TGA9,214,19819,1.2459721261732404,0.18532403973304085,0.337877365123044,target_vs_universe
MA1353.2,MA1353.2	AT1G72740,244,23961,0.8452067943741914,0.4602400396243285,0.6302829244931644,target_vs_universe
MA1355.2,MA1355.2	TRB2,215,20260,1.1554392892398815,0.4055438554135449,0.5934304050668022,target_vs_universe
MA1666.3,MA1666.3	HSFB2B,225,23350,0.5670770877944326,0.001830170831130364,0.009600369798385595,target_vs_universe
MA1685.2,MA1685.2	ARF10,197,19797,0.8644201884420991,0.30462952004589594,0.48535111808378095,target_vs_universe
MA1696.2,MA1696.2	ARF39,12,1648,0.6923519705284162,0.2551311529436583,0.4316337891693343,target_vs_universe
MA1746.1,MA1746.1	BZIP69,139,15189,0.76370274227276,0.03262981105229903,0.09321318635003895,target_vs_universe
MA1754.2,MA1754.2	ERF073,217,22477,0.6490514377660127,0.00903430659251321,0.033654949984094434,target_vs_universe
MA1766.2,MA1766.2	MYB17,190,18954,0.9021842355175689,0.44121691430827137,0.6164666232624914,target_vs_universe
MA1773.2,MA1773.2	MYB51,154,15112,0.9724197463742197,0.850807412156025,0.955891134093159,target_vs_universe
MA1777.2,MA1777.2	MYB74,209,20286,0.9967834960070985,1.0,1.0,target_vs_universe
MA1833.2,MA1833.2	Zm00001d049364,72,10931,0.5041781158591124,3.3877180030248423e-07,1.2155132194853135e-05,target_vs_universe
MA2013.2,MA2013.2	ERF115,220,23075,0.5570049355964849,0.0007399963051808495,0.004809975983675522,target_vs_universe
MA2024.2,MA2024.2	MYB63,137,14241,0.8615260295976406,0.23817453156325577,0.40927692492766365,target_vs_universe
MA2028.2,MA2028.2	MYB49,263,25492,1.0935979915267535,1.0,1.0,target_vs_universe
MA2030.2,MA2030.2	MYB96,264,25498,2.1328731665228644,0.7278251564170077,0.8590252175079683,target_vs_universe
MA2375.1,MA2375.1	BMY2,265,25644,inf,1.0,1.0,target_vs_universe
MA2413.1,MA2413.1	ZmbZIP96,232,23192,0.7614746986944296,0.1457369267541378,0.28739273222684847,target_vs_universe
MA2434.1,MA2434.1	SPL16A,194,21199,0.5806611924957927,0.0001786534360001767,0.0016352258376750868,target_vs_universe
MA2449.1,MA2449.1	SPL6A,78,9569,0.70332395776692,0.0087544197935323,0.032856546254386915,target_vs_universe
MA2450.1,MA2450.1	SPL7A,174,19281,0.6369659592002831,0.0007756187976078902,0.005005252240678256,target_vs_universe
MA2500.1,MA2500.1	LSH3,58,5556,1.0160787137029037,0.9401994623924765,1.0,target_vs_universe
MA2617.1,MA2617.1	ereb54,116,13927,0.6583378431061677,0.0007975708400705493,0.005101004936572329,target_vs_universe
MA2640.1,MA2640.1	GLYMA-19G062000,59,7233,0.7314029951718056,0.03329569563516649,0.09451341450868463,target_vs_universe
MA2650.1,MA2650.1	GLYMA-05G027400,205,22677,0.45606782202231333,7.600322074145113e-07,2.4348174644672023e-05,target_vs_universe
MA2663.1,MA2663.1	GLYMA-02G261700,66,6780,0.9257081869524614,0.6241682702867754,0.7786911522214708,target_vs_universe
MA2708.1,MA2708.1	SlDof4,265,25687,inf,1.0,1.0,target_vs_universe
MA2724.1,MA2724.1	SlTCP18,195,21541,0.5383653763255453,2.5235365322981516e-05,0.0003429715559805215,target_vs_universe
MA2739.1,MA2739.1	SlTCP12,257,25048,0.841344618332801,0.5567165572816819,0.7226841561239778,target_vs_universe
MA2746.1,MA2746.1	HB-HD-ZIP-2A-2,248,23879,1.114934855386101,0.8094188348072007,0.9202138083929772,target_vs_universe
MA2756.1,MA2756.1	dfo23,265,25649,inf,1.0,1.0,target_vs_universe
MA0097.1,MA0097.1	bZIP911,76,8092,0.8751945222533458,0.352179565976126,0.5345200074711056,target_vs_universe
MA0551.2,MA0551.2	HY5,82,8792,0.8619261424941701,0.2975667292615554,0.4770919286152435,target_vs_universe
MA0576.2,MA0576.2	RAX3,105,13136,0.6278737819732034,0.00020302138128488345,0.0017598272296282858,target_vs_universe
MA1156.2,MA1156.2	JKD,238,22379,1.309676896164228,0.19800722986792996,0.3522201099665933,target_vs_universe
MA1157.2,MA1157.2	NUC,132,12344,1.0741695457048324,0.578449448562733,0.7423020820611894,target_vs_universe
MA1166.2,MA1166.2	PHL12,256,25071,0.7181737199686224,0.31565685167371227,0.5013125540040504,target_vs_universe
MA1170.2,MA1170.2	MYB118,237,22443,1.2298728206695055,0.3527712869820452,0.5345200074711056,target_vs_universe
MA1180.2,MA1180.2	MYB3R4,7,1390,0.4745914895990185,0.05340206398651762,0.1341782952266283,target_vs_universe
MA1244.2,MA1244.2	ABR1,218,22579,0.6419540657719044,0.008092755083481371,0.030890218339926764,target_vs_universe
MA1292.2,MA1292.2	MYB27,155,12303,1.5348473764713706,0.0006517031571545348,0.004428619181572862,target_vs_universe
MA1330.2,MA1330.2	ZHD6,223,18302,2.1473661478578974,1.4433632096067446e-06,3.8079317618154406e-05,target_vs_universe
MA1339.1,MA1339.1	BZIP43,222,22372,0.7689262741217219,0.11849139786128049,0.24891518473435267,target_vs_universe
MA1345.2,MA1345.2	BZIP48,240,23875,0.7354303664921465,0.14914780214193732,0.29147184863032194,target_vs_universe
MA1350.1,MA1350.1	BZIP42,156,16907,0.7446739122767129,0.02261742547886686,0.06995803673980543,target_vs_universe
MA1362.2,MA1362.2	bHLH77,191,19074,0.8971672206966325,0.4378314489509446,0.6146084658982743,target_vs_universe
MA1368.3,MA1368.3	GT-4,223,20699,1.283838188640353,0.15972395120587823,0.3048348600673889,target_vs_universe
MA1387.2,MA1387.2	HRS1,236,23466,0.7761309833449422,0.19001054535874862,0.3422479100136496,target_vs_universe
MA1389.2,MA1389.2	PHL1,247,23480,1.299753927692599,0.32286790562546164,0.5063946693320399,target_vs_universe
MA1417.2,MA1417.2	O2,251,24688,0.7378252013702435,0.2655361498974771,0.44318012945233165,target_vs_universe
MA1682.2,MA1682.2	TCX3,211,17289,1.9018354637823665,1.2223491714651609e-05,0.00020966822713878127,target_vs_universe
MA1690.2,MA1690.2	ARF25,200,20078,0.8621759752350449,0.29661344138514323,0.4770919286152435,target_vs_universe
MA1695.2,MA1695.2	ARF36,237,24076,0.5723482780718202,0.007783056590888198,0.029963097691101774,target_vs_universe
MA1761.2,MA1761.2	HSFB3,232,22803,0.8943958729513262,0.5578611474636386,0.7231234816111037,target_vs_universe
MA1768.2,MA1768.2	MYB30,178,18075,0.8635551104115992,0.2796368522264692,0.45523458520352617,target_vs_universe
MA1769.2,MA1769.2	MYB39,240,23216,1.0288077188146105,1.0,1.0,target_vs_universe
MA1772.2,MA1772.2	MYB43,229,22462,0.9181160280572621,0.6416936768420214,0.7909229487656139,target_vs_universe
MA1778.2,MA1778.2	MYB80,182,17117,1.1000365310045463,0.5128006664008127,0.6814285927284378,target_vs_universe
MA1811.3,MA1811.3	GLYMA-13G317000,172,18543,0.714231785579464,0.010770695740609485,0.03835955726551142,target_vs_universe
MA2104.1,MA2104.1	IDD11,36,3002,1.1888318995487723,0.33633131454829446,0.5201537743962417,target_vs_universe
MA2396.1,MA2396.1	IDD1,265,25702,inf,1.0,1.0,target_vs_universe
MA2408.1,MA2408.1	BAD1,231,23647,0.5910052015054764,0.006288024849134871,0.02518017093604455,target_vs_universe
MA2423.1,MA2423.1	OsbZIP69,168,18467,0.6787342593280072,0.0031121533389443234,0.014315905359143889,target_vs_universe
MA2424.1,MA2424.1	OsbZIP77,114,11725,0.9001008204013047,0.4205636500481805,0.6007719693137988,target_vs_universe
MA2425.1,MA2425.1	SPL11A,3,307,0.9472486759330632,1.0,1.0,target_vs_universe
MA2441.1,MA2441.1	SPL3A,224,23572,0.4941455964703886,0.00012343129795915972,0.0011908196535122364,target_vs_universe
MA2445.1,MA2445.1	SPL4D,0,44,0.0,1.0,1.0,target_vs_universe
MA2505.1,MA2505.1	bZIP59,131,15472,0.6465179274259519,0.0005021675944665746,0.003574955017750138,target_vs_universe
MA2614.1,MA2614.1	ereb198,39,6569,0.502672784613167,2.6153298448244876e-05,0.00035014192101605454,target_vs_universe
MA2639.1,MA2639.1	FUL::SOC1,153,14584,1.041601363529504,0.7557893252469183,0.8824000415552786,target_vs_universe
MA2642.1,MA2642.1	GLYMA-10G230700,265,24553,inf,1.32212879985907e-05,0.00021177670240599746,target_vs_universe
MA2667.1,MA2667.1	GLYMA-13G236500,102,13498,0.5658697902984037,5.741402897238804e-06,0.00012261996187674302,target_vs_universe
MA2669.1,MA2669.1	GLYMA-04G231400,245,22541,1.7189454771305621,0.018132649044387307,0.05788251314169186,target_vs_universe
MA2728.1,MA2728.1	SolycHsfC1,243,24378,0.600798782807151,0.034934756390413914,0.097926489006879,target_vs_universe
MA2732.1,MA2732.1	Sl-ERF_C_4,83,11799,0.5374431060929917,1.6145734449668271e-06,4.1379210861006964e-05,target_vs_universe
MA2741.1,MA2741.1	SlWRKY7,248,23794,1.1710317479938097,0.6369730460530076,0.7874682105873595,target_vs_universe
MA0082.2,MA0082.2	squamosa,180,16166,1.2494196243386628,0.09654656008056697,0.21259176636551877,target_vs_universe
MA0554.2,MA0554.2	SOC1,257,24423,1.6849742046431642,0.1562053707421911,0.29958523073636456,target_vs_universe
MA0556.2,MA0556.2	AP3,262,25575,0.44050830889540565,0.15264737469288475,0.2967290780145227,target_vs_universe
MA0574.1,MA0574.1	MYB15,134,15326,0.6926571918398411,0.0030805338129421237,0.014243499124789097,target_vs_universe
MA0584.2,MA0584.2	SEP1,183,19313,0.7385098878172544,0.02670573133592974,0.07985013669442992,target_vs_universe
MA0940.1,MA0940.1	AP1,265,25698,inf,1.0,1.0,target_vs_universe
MA1026.3,MA1026.3	ATHB-15,144,12611,1.2355683186199113,0.09531856568745753,0.21111297141148003,target_vs_universe
MA1158.2,MA1158.2	MGP,263,25634,0.3590933915892955,0.16733967941887845,0.3146827933726079,target_vs_universe
MA1159.2,MA1159.2	SGR5,252,24045,1.337453812562983,0.37755059386901135,0.5642440854574425,target_vs_universe
MA1169.1,MA1169.1	MYB105,82,8234,0.9507028700138437,0.7409895110754914,0.8677122603586367,target_vs_universe
MA1193.2,MA1193.2	AT2G38090,188,18379,0.9730896993533699,0.8376042768712606,0.9438832114993979,target_vs_universe
MA1228.2,MA1228.2	ERF091,42,6724,0.5316342237030596,7.683399742891685e-05,0.0008183088682851897,target_vs_universe
MA1262.2,MA1262.2	ERF2,207,22385,0.5291666987591752,6.628567187177925e-05,0.0007721850346621556,target_vs_universe
MA1264.2,MA1264.2	ERF095,186,20550,0.5904980134897903,0.00020077399650448614,0.0017598272296282858,target_vs_universe
MA1269.2,MA1269.2	DOF4.5,244,23651,1.0085791197794918,1.0,1.0,target_vs_universe
MA1334.2,MA1334.2	BZIP11,176,17620,0.9072836026476553,0.4648422148516203,0.6346475901398834,target_vs_universe
MA1337.2,MA1337.2	BZIP44,186,19082,0.8170547099194814,0.1384641794527422,0.27723743073462,target_vs_universe
MA1340.2,MA1340.2	BZIP3,248,24642,0.6287113822884888,0.08540238684447121,0.19344934595830976,target_vs_universe
MA1341.2,MA1341.2	BZIP53,90,8948,0.9630500031930519,0.7957708239640855,0.9127959451352745,target_vs_universe
MA1384.1,MA1384.1	PHL7,134,12976,1.0033508720738697,1.0,1.0,target_vs_universe
MA1400.2,MA1400.2	AT1G19000,87,8333,1.0188791821335774,0.8951261997863913,0.992459964903617,target_vs_universe
MA1743.2,MA1743.2	BZIP2,209,21465,0.7370395327942498,0.046124459114259636,0.11992359369707505,target_vs_universe
MA1747.2,MA1747.2	DOF4.3,224,21283,1.1348849362195637,0.5126369334787446,0.6814285927284378,target_vs_universe
MA1760.1,MA1760.1	HSFA6A,258,25524,0.25992343340721336,0.00318377446746034,0.014570641312815944,target_vs_universe
MA2022.2,MA2022.2	LOB,176,20251,0.532490280685265,3.569639161800008e-06,8.571799008841763e-05,target_vs_universe
MA2367.1,MA2367.1	WIP5,255,24886,0.8381821104235313,0.594857107272407,0.7600951926258535,target_vs_universe
MA2428.1,MA2428.1	SPL13B,50,6931,0.6298966892927964,0.002685317956412476,0.012950162402698875,target_vs_universe
MA2430.1,MA2430.1	SPL14B,118,13677,0.7058804219209069,0.0053004578646004726,0.021809682130947815,target_vs_universe
MA2435.1,MA2435.1	SPL16D,116,14124,0.6382966591208453,0.00030821456751006755,0.0023429531106485646,target_vs_universe
MA2437.1,MA2437.1	SPL19B,34,3898,0.8233815098874103,0.34290111843906645,0.5257817149399019,target_vs_universe
MA2439.1,MA2439.1	SPL2A,49,6308,0.6975298856243688,0.021557817815831305,0.06715195499533619,target_vs_universe
MA2440.1,MA2440.1	SPL2B,59,7763,0.6619144335402313,0.004643207052957138,0.01964602229482336,target_vs_universe
MA2443.1,MA2443.1	SPL3D,21,2750,0.7183815201192251,0.16136562540651378,0.30666306353737893,target_vs_universe
MA2444.1,MA2444.1	SPL4A,60,8004,0.6472373569312905,0.0026247712553953964,0.012726593600484705,target_vs_universe
MA2446.1,MA2446.1	SPL5A,137,14799,0.7886855741942023,0.060787181198141624,0.1497969822382776,target_vs_universe
MA2759.1,MA2759.1	ereb7,99,13492,0.5398058287106327,9.101354982409218e-07,2.7213051397403564e-05,target_vs_universe
MA0558.2,MA0558.2	FLC,218,21454,0.9188387227298783,0.6178791000273791,0.7769710115763173,target_vs_universe
MA0559.1,MA0559.1	PI,256,24895,0.9243444689919885,0.7241010351822831,0.8568847342460526,target_vs_universe
MA0580.1,MA0580.1	DYT1,253,24738,0.8232880588568194,0.5135403887228807,0.6814285927284378,target_vs_universe
MA1012.1,MA1012.1	AGL27,205,20099,0.9528044512994013,0.7648639428941125,0.8887084932331851,target_vs_universe
MA1172.2,MA1172.2	MYB3R5,126,12221,1.0000818263644546,1.0,1.0,target_vs_universe
MA1188.1,MA1188.1	At3g11280,234,22183,1.1981188733598673,0.4180879879167326,0.6007719693137988,target_vs_universe
MA1189.2,MA1189.2	AT5G61620,167,14728,1.2699619771863118,0.061364927308257156,0.1508064103986484,target_vs_universe
MA1194.2,MA1194.2	AT3G10580,159,14962,1.0769282181526534,0.5736586396203641,0.7387296649917366,target_vs_universe
MA1195.2,MA1195.2	AT5G56840,265,25448,inf,0.1196135769413091,0.2506854638232576,target_vs_universe
MA1196.2,MA1196.2	AT5G05790,106,11742,0.7927099301652188,0.07207301569359476,0.17013025020303815,target_vs_universe
MA1226.2,MA1226.2	DREB2G,205,22068,0.5629418162044589,0.0002590142721534717,0.0020566158885530665,target_vs_universe
MA1250.2,MA1250.2	DREB2D,223,23216,0.569008237340422,0.0016409514010262475,0.008761508373336571,target_vs_universe
MA1370.2,MA1370.2	IDD5,53,4628,1.138504753673293,0.421513416850088,0.6007719693137988,target_vs_universe
MA1374.2,MA1374.2	IDD7,265,25702,inf,1.0,1.0,target_vs_universe
MA1416.1,MA1416.1	RAMOSA1,233,24675,0.30364361702127657,4.720223380494313e-08,2.2284423012123153e-06,target_vs_universe
MA1686.1,MA1686.1	ARF13,137,15615,0.6915390850144092,0.0029507176642275647,0.013840591005453812,target_vs_universe
MA1753.2,MA1753.2	ERF057,241,24448,0.5158840532286213,0.003938497820423025,0.01748927002435373,target_vs_universe
MA1758.2,MA1758.2	HSFA1E,112,13604,0.651096467205916,0.0006440862022151455,0.004413254844572449,target_vs_universe
MA1759.2,MA1759.2	HSFA4A,179,18947,0.7422804862032524,0.024986089130156236,0.07623306785629301,target_vs_universe
MA2344.1,MA2344.1	REV,205,19319,1.1292208016287937,0.432466221626392,0.6109011036202734,target_vs_universe
MA2427.1,MA2427.1	SPL12B,34,3981,0.8031461128672884,0.2666329546664615,0.44318012945233165,target_vs_universe
MA2431.1,MA2431.1	SPL15A,64,9158,0.5752760547557039,7.747083385533316e-05,0.0008183088682851897,target_vs_universe
MA2436.1,MA2436.1	SPL18A,85,10872,0.6442236938925681,0.0007223392572505763,0.004764252307012992,target_vs_universe
MA2438.1,MA2438.1	SPL1D,103,12495,0.6721340388007054,0.001604440527727364,0.00861786319384099,target_vs_universe
MA2442.1,MA2442.1	SPL3B,140,15945,0.685486359360301,0.0027333505138093473,0.013041571334505238,target_vs_universe
MA2448.1,MA2448.1	SPL5D,62,8950,0.571730192365908,7.154753167009665e-05,0.0008022266988509587,target_vs_universe
MA2455.1,MA2455.1	SPL9D,7,1077,0.620403359892898,0.27722101578467906,0.45294581267551387,target_vs_universe
MA2608.1,MA2608.1	glk53,202,18931,1.1471450623106636,0.3627445632176138,0.5468602911028564,target_vs_universe
MA2613.1,MA2613.1	ereb34,144,17910,0.5178952614311225,1.9027800742501107e-07,7.75815330273795e-06,target_vs_universe
MA2616.1,MA2616.1	ereb17,61,8459,0.6095984321143045,0.0005983867412375853,0.004160875247210186,target_vs_universe
MA2714.1,MA2714.1	APETALA2a,249,23404,1.5293860023927535,0.10414115240016579,0.22347993708839406,target_vs_universe
MA0573.2,MA0573.2	ATHB-9,180,18907,0.7612866694252673,0.04237279628973356,0.11178940668203237,target_vs_universe
MA1161.1,MA1161.1	TSO1,259,23378,4.29487837568084,1.2275654538399557e-05,0.00020966822713878127,target_vs_universe
MA1162.1,MA1162.1	TCX2,265,25585,inf,0.6373488527161906,0.7874682105873595,target_vs_universe
MA1199.1,MA1199.1	AGL16,260,25060,1.336312849162011,0.6916223509136918,0.8290440640500161,target_vs_universe
MA1203.1,MA1203.1	AGL63,229,22975,0.7555809454721315,0.13213362754789773,0.26953866107531826,target_vs_universe
MA1221.1,MA1221.1	RAP2-6,215,22114,0.6980645744777064,0.02598220620908922,0.07850200338659571,target_vs_universe
MA1222.1,MA1222.1	ERF014,206,22068,0.5752758039096414,0.00037606232856525533,0.002787833956388711,target_vs_universe
MA1225.1,MA1225.1	ERF5,35,7204,0.3907853125075441,1.177537131313424e-08,6.213240039930243e-07,target_vs_universe
MA1328.1,MA1328.1	ZHD9,249,20857,3.616600541784533,2.870240284958585e-09,1.8390039540056075e-07,target_vs_universe
MA1361.2,MA1361.2	bHLH18,177,16053,1.209223849407927,0.16055600943819542,0.30577227275172253,target_vs_universe
MA1363.1,MA1363.1	LRL2,186,20116,0.6540344483011193,0.002132979023002083,0.010733951504403207,target_vs_universe
MA1371.2,MA1371.2	IDD4,156,14500,1.1058677633660234,0.45505938986064465,0.6260556329831262,target_vs_universe
MA1373.1,MA1373.1	GAF1,231,22170,1.0830136113985513,0.7203208079311462,0.8535373377995219,target_vs_universe
MA1379.1,MA1379.1	SOL1,253,21564,4.047718419588203,9.239439084302382e-09,5.525184572412825e-07,target_vs_universe
MA1380.1,MA1380.1	TCX6,254,21253,4.835911935427298,1.2214936902703007e-10,1.8261330669540995e-08,target_vs_universe
MA1732.1,MA1732.1	E2FD,95,9336,0.9797368818992893,0.8979898546466838,0.992459964903617,target_vs_universe
MA1738.1,MA1738.1	ATMYB31,227,22762,0.7721017022831219,0.14577892214405358,0.28739273222684847,target_vs_universe
MA1749.1,MA1749.1	E2FC,230,23287,0.6820604997270089,0.04390648379878366,0.11482249553209603,target_vs_universe
MA1750.1,MA1750.1	E2FE,231,23684,0.5794678959237808,0.005596385899210839,0.022714742767385172,target_vs_universe
MA1789.1,MA1789.1	NAC071,265,25656,inf,1.0,1.0,target_vs_universe
MA1790.1,MA1790.1	NAC073,222,22077,0.8481877909346884,0.3292392130917079,0.5136131724230644,target_vs_universe
MA2005.2,MA2005.2	NAC016,237,23171,0.9252960905565454,0.6785696687055447,0.814828638325132,target_vs_universe
MA2371.1,MA2371.1	MYB31,226,22605,0.794439623636704,0.184828059490101,0.337877365123044,target_vs_universe
MA2426.1,MA2426.1	SPL11B,73,9885,0.608448722812342,0.00022317375244667795,0.0018365766600428452,target_vs_universe
MA2429.1,MA2429.1	SPL13D,104,12992,0.6320411222959949,0.0002590831609882904,0.0020566158885530665,target_vs_universe
MA2451.1,MA2451.1	SPL7B,202,21987,0.5420475735661983,6.977044039829325e-05,0.000800304636961046,target_vs_universe
MA2619.1,MA2619.1	ereb18,94,12396,0.5901507560446777,3.2630037039562136e-05,0.0004181306174926748,target_vs_universe
MA2634.1,MA2634.1	EIN3,248,24517,0.7062950317786698,0.18312571458549673,0.33645191128959145,target_vs_universe
MA2709.1,MA2709.1	SolycHsfA2,148,14732,0.9421063746342052,0.6622764316357374,0.803872745842025,target_vs_universe
MA2715.1,MA2715.1	Solyc03g124110,193,18712,1.0016270010925847,1.0,1.0,target_vs_universe
MA2722.1,MA2722.1	Sl-ERF_F_2,109,15681,0.44660735922453926,9.810623607181213e-11,1.7600258751283097e-08,target_vs_universe
MA2752.1,MA2752.1	TaOBF1b,145,16966,0.6223279893119572,0.00015246999001570412,0.00140995444375347,target_vs_universe
MA0005.3,MA0005.3	AG,184,17623,1.0416410092590842,0.7905250664828425,0.9102708403531575,target_vs_universe
MA0548.3,MA0548.3	AGL15,264,25672,0.32907447803053913,0.2872947924235078,0.46600981700521965,target_vs_universe
MA0555.2,MA0555.2	SVP,264,25446,2.676727186984202,0.5286361000416286,0.6971911184540277,target_vs_universe
MA0571.2,MA0571.2	ANT,143,14999,0.8365667000750869,0.15033967785912147,0.29316237182528687,target_vs_universe
MA0578.1,MA0578.1	SPL8,19,1171,1.6181257073031874,0.05304065605620329,0.13364457438880437,target_vs_universe
MA0585.2,MA0585.2	AGL1,258,25454,0.36199755300878894,0.016798421624851293,0.05479339708178767,target_vs_universe
MA1160.2,MA1160.2	IDD6,265,25695,inf,1.0,1.0,target_vs_universe
MA1239.2,MA1239.2	ERF104,169,19317,0.5820666381943366,4.32859111129927e-05,0.0005318830447719788,target_vs_universe
MA1270.2,MA1270.2	DOF3.2,263,25423,1.453467332730205,1.0,1.0,target_vs_universe
MA1279.2,MA1279.2	DOF1.5,251,24040,1.2409793201806514,0.529305631736001,0.6971911184540277,target_vs_universe
MA1377.2,MA1377.2	PLT1,112,12755,0.7431600576987623,0.018823345820042754,0.05951033241179575,target_vs_universe
MA1687.1,MA1687.1	ARF14,8,1182,0.6457958877323273,0.29849460378098236,0.4772721204840306,target_vs_universe
MA1734.1,MA1734.1	AT1G19040,263,25460,1.2602513747054203,1.0,1.0,target_vs_universe
MA1741.1,MA1741.1	BRN2,103,9354,1.1113288828704693,0.4048641175966562,0.5934304050668022,target_vs_universe
MA1792.1,MA1792.1	NAC098,161,15100,1.0871395822720327,0.5309106438915485,0.6982798351476819,target_vs_universe
MA1830.2,MA1830.2	Zm00001d015407,169,16549,0.9738724142445666,0.8467579271471513,0.9530010798632305,target_vs_universe
MA2348.1,MA2348.1	IDD6,224,21648,1.0236331188145584,1.0,1.0,target_vs_universe
MA2376.1,MA2376.1	CAMTA5,253,25272,0.3603988603988604,0.0021643787531627746,0.010785820786594494,target_vs_universe
MA2387.1,MA2387.1	NAC094,180,19458,0.6797627469119008,0.004905236722275233,0.020560735233088243,target_vs_universe
MA2635.1,MA2635.1	FUL,262,24925,2.729495152123036,0.0707308887606736,0.16837631313292148,target_vs_universe
MA2637.1,MA2637.1	FUL::AG::SEP3,259,23858,3.339997764551373,0.0006929256904622345,0.0046384652563031675,target_vs_universe
MA2638.1,MA2638.1	FUL::SEP3,134,11480,1.267398994600633,0.06229057024182439,0.15266295493693027,target_vs_universe
MA2660.1,MA2660.1	GLYMA-12G168700,259,23057,4.955638923826459,1.0357957367575275e-06,2.948872768879922e-05,target_vs_universe
MA1278.2,MA1278.2	DOF3.4,244,22766,1.499462439812084,0.07977406148838631,0.1830110822380627,target_vs_universe
MA2460.1,MA2460.1	MGH6.1,258,25419,0.41324543507949624,0.030903784691333775,0.0888483809875846,target_vs_universe
MA2472.1,MA2472.1	AT3G12910,117,14229,0.6375326939843069,0.00030320916107558004,0.0023246035682461135,target_vs_universe
MA2666.1,MA2666.1	GLYMA-12G117000,122,16642,0.46456055661679985,8.118227421868101e-10,6.620045452196079e-08,target_vs_universe
MA2718.1,MA2718.1	Sl-ERF_A_3,46,7336,0.5259158562515249,3.612896388225617e-05,0.0004501066750331082,target_vs_universe
MA2734.1,MA2734.1	Sl-ERF_F_5,233,24500,0.35782142857142857,1.3813407735506042e-06,3.7547353753784605e-05,target_vs_universe
MA2755.1,MA2755.1	hsftf24,260,25116,1.2173913043478262,0.8367367678054514,0.9438832114993979,target_vs_universe
MA1204.1,MA1204.1	AGL13,265,25604,inf,0.6296485408427626,0.7839832145545966,target_vs_universe
MA1283.2,MA1283.2	TCP14,80,9129,0.7851426845840254,0.0811944320024702,0.1853216425094549,target_vs_universe
MA2398.1,MA2398.1	AS2,159,19133,0.5151570584853394,4.071427926366735e-07,1.4046426345965236e-05,target_vs_universe
MA2636.1,MA2636.1	FUL::AG,248,23060,1.672649354624764,0.040954483804585926,0.11065112039973969,target_vs_universe
MA2673.1,MA2673.1	GLYMA-15G086400,158,14858,1.0779101349472828,0.5740184799322636,0.7387296649917366,target_vs_universe
MA2712.1,MA2712.1	eil1,127,11778,1.0881267211529233,0.49625418404494925,0.6682920759387668,target_vs_universe
MA0590.1,MA0590.1	LFY,34,4592,0.676697286453384,0.035488317836948315,0.09886031397435602,target_vs_universe
MA0938.3,MA0938.3	NAC058,134,12196,1.1329405962160037,0.3229183398639095,0.5063946693320399,target_vs_universe
MA1205.1,MA1205.1	AGL6,212,19704,1.218026796589525,0.21475577284255126,0.3777175063524872,target_vs_universe
MA1257.2,MA1257.2	ERF9,133,17585,0.46519804240873336,1.0041034230122055e-09,7.505673087016237e-08,target_vs_universe
MA1267.2,MA1267.2	DOF5.8,265,25660,inf,1.0,1.0,target_vs_universe
MA1281.2,MA1281.2	DOF5.1,264,25605,1.020738137082601,1.0,1.0,target_vs_universe
MA1660.2,MA1660.2	NAC013,252,24396,1.0393128760074162,1.0,1.0,target_vs_universe
MA1783.1,MA1783.1	NAC005,135,13237,0.9780539397144368,0.9017054130632725,0.992459964903617,target_vs_universe
MA1788.1,MA1788.1	NAC054,193,18847,0.9752517347293704,0.834495160761797,0.9427483113392089,target_vs_universe
MA1791.1,MA1791.1	NAC087,22,2700,0.7713580246913581,0.26837760514427533,0.44334201070794654,target_vs_universe
MA2033.2,MA2033.2	NAC038,189,16819,1.3137280519212295,0.05113322054307849,0.1295663808676311,target_vs_universe
MA2045.2,MA2045.2	NAC031,213,19660,1.2592652007199312,0.14535013387799653,0.28739273222684847,target_vs_universe
MA2733.1,MA2733.1	Sl-ERF_F_4,80,12626,0.44791314362041434,6.244813859673602e-10,5.601598032127221e-08,target_vs_universe
MA2035.2,MA2035.2	NAC075,201,20550,0.7876779197080293,0.10532469653368212,0.2249434590255068,target_vs_universe
MA2721.1,MA2721.1	Sl-ERF_C_6,210,22917,0.4643396922491045,3.757457824978534e-06,8.571799008841763e-05,target_vs_universe
MA1268.2,MA1268.2	CDF5,263,25588,0.5961388150695639,0.33940065338083913,0.5230968833034583,target_vs_universe
MA1274.1,MA1274.1	DOF3.6,265,25702,inf,1.0,1.0,target_vs_universe
MA1352.1,MA1352.1	TRP1,137,14320,0.8508685405027933,0.19245796974762205,0.345269597727234,target_vs_universe
MA1356.1,MA1356.1	TRP2,262,25423,0.9652938939805163,0.7674798773124301,0.8905943725087319,target_vs_universe
MA1402.1,MA1402.1	BPC6,237,24286,0.4942088916600981,0.0010840710581243504,0.006421580528094548,target_vs_universe
MA1784.1,MA1784.1	NAC011,46,3761,1.2254804476124221,0.2211509115576556,0.38669077517976036,target_vs_universe
MA2006.2,MA2006.2	NAC020,238,23067,1.007702200835248,1.0,1.0,target_vs_universe
MA2009.2,MA2009.2	NAC010,242,23629,0.9239751447649995,0.7332794504060698,0.8609315013275453,target_vs_universe
MA2645.1,MA2645.1	GLYMA-16G042900,138,13960,0.9141258488820703,0.4955240554182698,0.6682920759387668,target_vs_universe
MA2731.1,MA2731.1	sep3,265,25631,inf,1.0,1.0,target_vs_universe
MA2664.1,MA2664.1	GLYMA-03G162700,125,16800,0.4732142857142857,1.7124962151450203e-09,1.1816223884500641e-07,target_vs_universe
MA1404.1,MA1404.1	BPC1,206,22112,0.567183399151316,0.0002542163318508929,0.0020543427898220804,target_vs_universe
MA2659.1,MA2659.1	GLYMA-08G281200,237,21858,1.4893239480804674,0.04602290140642719,0.11992359369707505,target_vs_universe
MA1354.1,MA1354.1	AT4G12670,257,24868,1.0799622004182081,1.0,1.0,target_vs_universe
MA1403.1,MA1403.1	BPC5,252,24986,0.5570380951794544,0.05735401968613402,0.14251123451097567,target_vs_universe
MA0053.1,MA0053.1	MNB1A,255,3231,0.5682451253481894,0.12962346846549488,0.6725379825094708,target_vs_polycomb_nonDE
MA0984.2,MA0984.2	DOF5.7,262,3262,1.0976905783772737,1.0,1.0,target_vs_polycomb_nonDE
MA0989.2,MA0989.2	PHYPADRAFT_153324,265,3303,,1.0,1.0,target_vs_polycomb_nonDE
MA1017.2,MA1017.2	GATA8,220,2705,1.0807968782090778,0.7396272742453698,1.0,target_vs_polycomb_nonDE
MA1058.2,MA1058.2	SPL4,244,3119,0.6854455793218217,0.12932837985248735,0.6725379825094708,target_vs_polycomb_nonDE
MA1088.2,MA1088.2	WRKY48,265,3260,inf,0.07231348778040886,0.6228761223885995,target_vs_polycomb_nonDE
MA1736.2,MA1736.2	AT5G04390,258,3220,0.9500443655723159,0.838426678078466,1.0,target_vs_polycomb_nonDE
MA1801.2,MA1801.2	TREE1,255,3202,0.8043410368519676,0.4638670020663636,0.8978290196942027,target_vs_polycomb_nonDE
MA2085.1,MA2085.1	PK23763.1,265,3303,,1.0,1.0,target_vs_polycomb_nonDE
MA2090.1,MA2090.1	PK26523.1,253,3128,1.1795343137254901,0.6691257088125202,0.9839438701718536,target_vs_polycomb_nonDE
MA2347.1,MA2347.1	OS04G0486400,257,3150,1.5603571428571428,0.2807417810615167,0.7724704834729463,target_vs_polycomb_nonDE
MA2356.1,MA2356.1	PK20555.1,265,3303,,1.0,1.0,target_vs_polycomb_nonDE
MA2370.1,MA2370.1	MBD2,261,3276,0.5377747252747253,0.28519346029792314,0.7823196754961378,target_vs_polycomb_nonDE
MA2383.1,MA2383.1	e_gw1.392.16.1,265,3303,,1.0,1.0,target_vs_polycomb_nonDE
MA2402.1,MA2402.1	OsERF104,242,2960,1.2192420681551117,0.4607772458449273,0.8969825545645692,target_vs_polycomb_nonDE
MA2481.1,MA2481.1	PK12011.1,204,2547,0.9926432253953542,0.9395727299035492,1.0,target_vs_polycomb_nonDE
MA0021.1,MA0021.1	Dof3,257,3250,0.5238846153846154,0.13115963729955105,0.6725379825094708,target_vs_polycomb_nonDE
MA0552.2,MA0552.2	PIF1,192,2520,0.8172211350293542,0.1781132412657196,0.6725379825094708,target_vs_polycomb_nonDE
MA0564.2,MA0564.2	ABI3,139,1707,1.0314391720367115,0.8480694193804454,1.0,target_vs_polycomb_nonDE
MA0568.2,MA0568.2	MYC3,245,2944,1.4938009510869565,0.09738223027788426,0.6258842246542317,target_vs_polycomb_nonDE
MA0581.2,MA0581.2	LEC2,202,2376,1.250962000962001,0.15363147952738057,0.6725379825094708,target_vs_polycomb_nonDE
MA0582.2,MA0582.2	RAV1,238,3010,0.8580534022394487,0.43595214344472394,0.8821196689422739,target_vs_polycomb_nonDE
MA0944.2,MA0944.2	ARF8,100,1355,0.8712959856871296,0.2995655829860248,0.7990553176418266,target_vs_polycomb_nonDE
MA0945.2,MA0945.2	ARR1,256,3201,0.9063834218473393,0.7136432018364356,0.9986551513998171,target_vs_polycomb_nonDE
MA0955.2,MA0955.2	POPTR_0002s00440g,251,3181,0.6876094669241478,0.1834223517428753,0.6770775700138236,target_vs_polycomb_nonDE
MA0956.2,MA0956.2	BEE2,200,2339,1.2681290492320847,0.12085297517903779,0.6725379825094708,target_vs_polycomb_nonDE
MA0965.3,MA0965.3	BIM2,75,1026,0.8760387811634349,0.3694293661091429,0.8285086142989372,target_vs_polycomb_nonDE
MA0966.2,MA0966.2	BIM3,62,777,0.9929056431519486,1.0,1.0,target_vs_polycomb_nonDE
MA0969.2,MA0969.2	CAMTA2,196,2525,0.8752360453436648,0.36808603838082193,0.8285086142989372,target_vs_polycomb_nonDE
MA0970.2,MA0970.2	CAMTA3,28,357,0.9749317448498387,1.0,1.0,target_vs_polycomb_nonDE
MA0988.2,MA0988.2	PHYPADRAFT_143875,169,1888,1.3193800759180792,0.038612551100455555,0.5839533584872713,target_vs_polycomb_nonDE
MA0998.2,MA0998.2	ERF096,31,459,0.8208479973185856,0.3540039094390963,0.8285086142989372,target_vs_polycomb_nonDE
MA1011.2,MA1011.2	PHYPADRAFT_72483,214,2680,0.9754316652033947,0.8705420012364158,1.0,target_vs_polycomb_nonDE
MA1015.2,MA1015.2	GATA12,174,2276,0.8627918654280693,0.27159101336048797,0.7565749657899308,target_vs_polycomb_nonDE
MA1018.2,MA1018.2	GATA9,101,1444,0.7928476116478617,0.08192471827665673,0.6228761223885995,target_vs_polycomb_nonDE
MA1027.2,MA1027.2	KAN1,263,3288,0.5999087591240876,0.36358526495435906,0.8285086142989372,target_vs_polycomb_nonDE
MA1031.2,MA1031.2	OJ1581_H09.2,106,1465,0.8364050056882821,0.1771873826410702,0.6725379825094708,target_vs_polycomb_nonDE
MA1057.2,MA1057.2	SPL12,161,2117,0.8672740816104066,0.28790577951073276,0.7873520860400222,target_vs_polycomb_nonDE
MA1060.2,MA1060.2	SPL7,194,2539,0.8221934997143159,0.17529276768637608,0.6725379825094708,target_vs_polycomb_nonDE
MA1077.2,MA1077.2	WRKY18,252,3088,1.349641291351136,0.3610873368268829,0.8285086142989372,target_vs_polycomb_nonDE
MA1085.3,MA1085.3	WRKY40,262,3265,1.0164369576314447,1.0,1.0,target_vs_polycomb_nonDE
MA1086.2,MA1086.2	WRKY43,260,3182,1.977372721558768,0.164686151457806,0.6725379825094708,target_vs_polycomb_nonDE
MA1089.2,MA1089.2	WRKY57,265,3303,,1.0,1.0,target_vs_polycomb_nonDE
MA1092.2,MA1092.2	WRKY63,158,1835,1.1813084112149532,0.22184054436191308,0.7053987621969672,target_vs_polycomb_nonDE
MA1206.2,MA1206.2	ARF2,254,3133,1.2529379334358588,0.5617612162657734,0.9407421712782511,target_vs_polycomb_nonDE
MA1272.3,MA1272.3	DOF2.2,263,3296,0.2792779126213592,0.14000816688469486,0.6725379825094708,target_vs_polycomb_nonDE
MA1359.3,MA1359.3	BPE,200,2339,1.2681290492320847,0.12085297517903779,0.6725379825094708,target_vs_polycomb_nonDE
MA1360.3,MA1360.3	bHLH74,62,777,0.9929056431519486,1.0,1.0,target_vs_polycomb_nonDE
MA1414.2,MA1414.2	E2FA,179,2181,1.0707590927993347,0.6373170283519779,0.9784919067397175,target_vs_polycomb_nonDE
MA1748.2,MA1748.2	DREB1F,115,1450,0.9797471264367816,0.8977327462095028,1.0,target_vs_polycomb_nonDE
MA1793.2,MA1793.2	NID1,148,2063,0.760323319702864,0.03534269602073109,0.5839533584872713,target_vs_polycomb_nonDE
MA1799.2,MA1799.2	SPL10,161,1931,1.0999282954228577,0.476587557826044,0.8990543178023315,target_vs_polycomb_nonDE
MA1804.2,MA1804.2	WIN1,236,2961,0.9399434021591028,0.753665315419625,1.0,target_vs_polycomb_nonDE
MA1816.2,MA1816.2	O11,141,1764,0.9920589203423305,0.949086451657313,1.0,target_vs_polycomb_nonDE
MA1825.2,MA1825.2	Zm00001d044409,252,3212,0.5491905354919053,0.05559851521963457,0.6228761223885995,target_vs_polycomb_nonDE
MA2059.1,MA2059.1	PK05432.1,246,3004,1.2887027822552386,0.3692469410763963,0.8285086142989372,target_vs_polycomb_nonDE
MA2063.1,MA2063.1	PK07402.1,123,1684,0.8327632063162825,0.16027757937899464,0.6725379825094708,target_vs_polycomb_nonDE
MA2080.1,MA2080.1	PK20225.1,250,3052,1.3706858890345128,0.27555929849672683,0.7628910208381604,target_vs_polycomb_nonDE
MA2082.1,MA2082.1	PK20392.1,256,3113,1.7360888032266124,0.12504309653177711,0.6725379825094708,target_vs_polycomb_nonDE
MA2103.1,MA2103.1	AT4G09450,262,3213,2.446311858076564,0.1571849752036348,0.6725379825094708,target_vs_polycomb_nonDE
MA2105.1,MA2105.1	GLYMA-13G317000,210,2736,0.791267942583732,0.15211348049341816,0.6725379825094708,target_vs_polycomb_nonDE
MA2342.1,MA2342.1	URI,124,1700,0.8292532332081769,0.1599227909613805,0.6725379825094708,target_vs_polycomb_nonDE
MA2345.1,MA2345.1	OS02G0104500,262,3262,1.0976905783772737,1.0,1.0,target_vs_polycomb_nonDE
MA2355.1,MA2355.1	PK06791.1,110,1438,0.9204091704428193,0.562193300006164,0.9407421712782511,target_vs_polycomb_nonDE
MA2358.1,MA2358.1	PK22320.1,43,667,0.7654821238029634,0.12876970881330374,0.6725379825094708,target_vs_polycomb_nonDE
MA2361.1,MA2361.1	PRUPE_ppa000682mg,191,2550,0.7621780604133546,0.058850645794041756,0.6228761223885995,target_vs_polycomb_nonDE
MA2368.1,MA2368.1	WRKY51,235,2920,1.0274543378995433,1.0,1.0,target_vs_polycomb_nonDE
MA2382.1,MA2382.1	e_gw1.209.40.1,169,1888,1.3193800759180792,0.038612551100455555,0.5839533584872713,target_vs_polycomb_nonDE
MA2397.1,MA2397.1	ILR3,75,1026,0.8760387811634349,0.3694293661091429,0.8285086142989372,target_vs_polycomb_nonDE
MA2403.1,MA2403.1	DVH24_040989,217,2698,1.0137524709661478,1.0,1.0,target_vs_polycomb_nonDE
MA2405.1,MA2405.1	OsMSL08,227,2857,0.9325387321997679,0.7090945504914197,0.9938403309231305,target_vs_polycomb_nonDE
MA2471.1,MA2471.1	SPCH,188,2489,0.7984847615221259,0.12117955458709904,0.6725379825094708,target_vs_polycomb_nonDE
MA2475.1,MA2475.1	HOX6,211,2502,1.2509325872635224,0.1779743518243851,0.6725379825094708,target_vs_polycomb_nonDE
MA2480.1,MA2480.1	GLYMA-04G093300,183,2211,1.1022272230863421,0.49761151595291875,0.9146670692823117,target_vs_polycomb_nonDE
MA2483.1,MA2483.1	PK20543.1,217,2698,1.0137524709661478,1.0,1.0,target_vs_polycomb_nonDE
MA0096.1,MA0096.1	bZIP910,89,911,1.327761700429099,0.039255523452506914,0.5839533584872713,target_vs_polycomb_nonDE
MA0121.2,MA0121.2	ARR10,221,2927,0.6452153927384539,0.016915124693957825,0.4306350832444541,target_vs_polycomb_nonDE
MA0129.1,MA0129.1	TGA1A,263,3265,1.5304747320061256,0.7658004886237909,1.0,target_vs_polycomb_nonDE
MA0560.2,MA0560.2	PIF3,141,1564,1.2643294695157166,0.07341252518319555,0.6228761223885995,target_vs_polycomb_nonDE
MA0565.3,MA0565.3	FUS3,224,2778,1.032502765632408,0.9304015773888203,1.0,target_vs_polycomb_nonDE
MA0569.2,MA0569.2	MYC4,19,225,1.0565853658536586,0.8002608816865098,1.0,target_vs_polycomb_nonDE
MA0586.3,MA0586.3	SPL14,227,2945,0.7261728174425878,0.08416089238092486,0.6228761223885995,target_vs_polycomb_nonDE
MA0930.3,MA0930.3	ABF3,80,1139,0.8215836556486249,0.1780714773548583,0.6725379825094708,target_vs_polycomb_nonDE
MA0941.2,MA0941.2	ABF2,239,2920,1.2057033719704953,0.42344816289533044,0.8772124760210425,target_vs_polycomb_nonDE
MA0942.2,MA0942.2	ARF1,104,1407,0.8704657722920447,0.3016560905509159,0.7990553176418266,target_vs_polycomb_nonDE
MA0943.2,MA0943.2	ARF5,130,1524,1.1240886555847185,0.37055948404064065,0.8285086142989372,target_vs_polycomb_nonDE
MA0948.2,MA0948.2	ARR18,67,898,0.9062507030213044,0.5187793961193724,0.9171982271071857,target_vs_polycomb_nonDE
MA0953.2,MA0953.2	ATHB-6,112,1219,1.2514704541920678,0.08625650630574216,0.6228761223885995,target_vs_polycomb_nonDE
MA0961.2,MA0961.2	bHLH112,230,2723,1.3997166990189391,0.07576316003464675,0.6228761223885995,target_vs_polycomb_nonDE
MA0962.2,MA0962.2	bHLH34,204,2534,1.0148925433772822,1.0,1.0,target_vs_polycomb_nonDE
MA0973.2,MA0973.2	CDF2,225,2824,0.9540987960339944,0.7859778296130322,1.0,target_vs_polycomb_nonDE
MA0980.3,MA0980.3	RAP2-10,252,3191,0.6803750934117591,0.22048239467192005,0.7053987621969672,target_vs_polycomb_nonDE
MA0995.3,MA0995.3	ERF039,102,1349,0.906411020205833,0.475062342260296,0.8990543178023315,target_vs_polycomb_nonDE
MA1004.2,MA1004.2	ERF13,103,1327,0.9467563519309312,0.6963031525154553,0.9868441054471606,target_vs_polycomb_nonDE
MA1008.2,MA1008.2	PHYPADRAFT_182268,145,1990,0.7972571189279732,0.07899863518136667,0.6228761223885995,target_vs_polycomb_nonDE
MA1021.2,MA1021.2	PHYPADRAFT_48267,201,2393,1.1943036982866695,0.25173671196503017,0.7260701949602317,target_vs_polycomb_nonDE
MA1025.2,MA1025.2	HBI1,263,3208,3.8941708229426433,0.04609689102458623,0.5988118516641381,target_vs_polycomb_nonDE
MA1030.2,MA1030.2	P0510F09.23,126,1756,0.7985857327805181,0.08422263505938613,0.6228761223885995,target_vs_polycomb_nonDE
MA1037.2,MA1037.2	MYB24,111,1387,0.9956834801823987,1.0,1.0,target_vs_polycomb_nonDE
MA1043.2,MA1043.2	NAC083,222,2824,0.8756999802358522,0.4695081041979967,0.8990543178023315,target_vs_polycomb_nonDE
MA1049.2,MA1049.2	ERF094,179,2319,0.8831793976954782,0.3655739125258305,0.8285086142989372,target_vs_polycomb_nonDE
MA1061.2,MA1061.2	SPT,186,2009,1.516492240613442,0.0025062290531473923,0.2497874956303568,target_vs_polycomb_nonDE
MA1074.2,MA1074.2	UNE10,216,2849,0.7024591514387433,0.042963205990662515,0.5839533584872713,target_vs_polycomb_nonDE
MA1078.2,MA1078.2	WRKY2,261,3193,2.2478860006263703,0.1427328326382103,0.6725379825094708,target_vs_polycomb_nonDE
MA1090.2,MA1090.2	WRKY60,184,2133,1.2460280252122728,0.12371643992773537,0.6725379825094708,target_vs_polycomb_nonDE
MA1093.2,MA1093.2	WRKY75,215,2528,1.3182357594936709,0.09561037079488825,0.6228761223885995,target_vs_polycomb_nonDE
MA1165.3,MA1165.3	HHO6,117,1690,0.7545218295218296,0.029886640887999687,0.5471085076844024,target_vs_polycomb_nonDE
MA1171.2,MA1171.2	MYB52,251,3147,0.888737573198965,0.652705880169383,0.9784919067397175,target_vs_polycomb_nonDE
MA1179.2,MA1179.2	MYB1,93,1382,0.7515775922996668,0.03248261692919746,0.5689340308067643,target_vs_polycomb_nonDE
MA1219.3,MA1219.3	ERF011,168,2233,0.8299130659599909,0.1734197702679911,0.6725379825094708,target_vs_polycomb_nonDE
MA1227.3,MA1227.3	ERF027,256,3232,0.6248624862486248,0.19207760961185827,0.6836600882019833,target_vs_polycomb_nonDE
MA1276.2,MA1276.2	DOF3.5,206,2469,1.179397409230389,0.30251487380790754,0.7990553176418266,target_vs_polycomb_nonDE
MA1280.2,MA1280.2	DOF5.4,254,3160,1.0449367088607595,1.0,1.0,target_vs_polycomb_nonDE
MA1311.3,MA1311.3	WRKY28,152,1759,1.1807191334577671,0.20113910190948298,0.6925282985586966,target_vs_polycomb_nonDE
MA1322.3,MA1322.3	SPL9,37,585,0.7539811066126856,0.130067661168856,0.6725379825094708,target_vs_polycomb_nonDE
MA1327.3,MA1327.3	ATHB-23,264,3279,1.9322964318389753,1.0,1.0,target_vs_polycomb_nonDE
MA1365.3,MA1365.3	AT5G47660,148,1888,0.9480479501665943,0.6989704185577237,0.9868441054471606,target_vs_polycomb_nonDE
MA1376.2,MA1376.2	DEAR3,247,3095,0.9222042721234966,0.6952299705326614,0.9868441054471606,target_vs_polycomb_nonDE
MA1378.2,MA1378.2	AIL6,256,3197,0.9431063844576513,0.855890433639175,1.0,target_vs_polycomb_nonDE
MA1381.2,MA1381.2	AT3G46070,264,3282,1.6892138939670933,1.0,1.0,target_vs_polycomb_nonDE
MA1388.2,MA1388.2	PHL2,138,1949,0.7548874246029662,0.032341146816326376,0.5689340308067643,target_vs_polycomb_nonDE
MA1393.3,MA1393.3	MYB70,223,2774,1.0125227452192125,1.0,1.0,target_vs_polycomb_nonDE
MA1410.2,MA1410.2	StBRC1,138,1824,0.881086821384169,0.3360542478180334,0.8253945374008289,target_vs_polycomb_nonDE
MA1425.2,MA1425.2	HYH,199,2426,1.0899785155762072,0.6123734298462401,0.9727223866473949,target_vs_polycomb_nonDE
MA1427.3,MA1427.3	NAC028,244,3107,0.7329685656045488,0.18291133572649804,0.6770775700138236,target_vs_polycomb_nonDE
MA1659.2,MA1659.2	ABF4,50,588,1.0738016136687234,0.6769516967657014,0.9868441054471606,target_vs_polycomb_nonDE
MA1674.3,MA1674.3	NAC017,255,3160,1.1539556962025317,0.8742650993143385,1.0,target_vs_polycomb_nonDE
MA1676.3,MA1676.3	NAC062,173,2109,1.0645989238666584,0.6900104850961912,0.9868441054471606,target_vs_polycomb_nonDE
MA1677.2,MA1677.2	NAC078,260,3244,0.9457459926017263,0.8102514325992536,1.0,target_vs_polycomb_nonDE
MA1737.2,MA1737.2	AT5G05090,80,1131,0.8304537959710373,0.20012487454712524,0.6925282985586966,target_vs_polycomb_nonDE
MA1739.2,MA1739.2	BHLH122,165,2007,1.0654708520179372,0.6475483036359493,0.9784919067397175,target_vs_polycomb_nonDE
MA1740.2,MA1740.2	BHLH49,203,2518,1.0207473929642061,0.9402551507060011,1.0,target_vs_polycomb_nonDE
MA1756.2,MA1756.2	GRF9,158,2066,0.8841230062154509,0.3565874863559273,0.8285086142989372,target_vs_polycomb_nonDE
MA1780.2,MA1780.2	MYB92,232,3006,0.6946107784431138,0.07671879533390445,0.6228761223885995,target_vs_polycomb_nonDE
MA1786.2,MA1786.2	NAC019,106,1488,0.8131720430107527,0.1231987406823036,0.6725379825094708,target_vs_polycomb_nonDE
MA1802.2,MA1802.2	TRP5,262,3259,1.1790937915516007,1.0,1.0,target_vs_polycomb_nonDE
MA1805.2,MA1805.2	WRKY53,265,3302,inf,1.0,1.0,target_vs_polycomb_nonDE
MA1809.2,MA1809.2	GLYMA-07G038400,179,2238,0.9904763389238731,0.9456196866590607,1.0,target_vs_polycomb_nonDE
MA1829.2,MA1829.2	Zm00001d035604,223,2884,0.7713905950729807,0.15272055744931012,0.6725379825094708,target_vs_polycomb_nonDE
MA1834.2,MA1834.2	Zm00001d034298,88,1225,0.8433713824512856,0.23336483173869482,0.7193410792770077,target_vs_polycomb_nonDE
MA2010.2,MA2010.2	SMB,260,3269,0.5408381768124809,0.20799235215136952,0.6978722329407823,target_vs_polycomb_nonDE
MA2016.2,MA2016.2	GRF6,227,2914,0.7974478922082144,0.23706655052207948,0.7257634669566734,target_vs_polycomb_nonDE
MA2017.2,MA2017.2	JUB1,43,615,0.8465831685343881,0.36559164571047476,0.8285086142989372,target_vs_polycomb_nonDE
MA2031.2,MA2031.2	AT5G04760,41,549,0.9181791569086651,0.6682092694435393,0.9839438701718536,target_vs_polycomb_nonDE
MA2034.2,MA2034.2	NAC057,242,3050,0.8727868852459016,0.5496488997193274,0.9356904888299673,target_vs_polycomb_nonDE
MA2036.2,MA2036.2	NAC076,257,3228,0.7463986988847584,0.39699725957406196,0.856025340956571,target_vs_polycomb_nonDE
MA2037.2,MA2037.2	NAC096,205,2617,0.8956183925614571,0.4799101991970657,0.8990543178023315,target_vs_polycomb_nonDE
MA2038.2,MA2038.2	NAC103,85,1008,1.0751488095238095,0.6278599030608067,0.9784919067397175,target_vs_polycomb_nonDE
MA2043.2,MA2043.2	NAC004,232,2925,0.9085314685314685,0.6170334871821268,0.9727223866473949,target_vs_polycomb_nonDE
MA2044.2,MA2044.2	NAC007,247,3152,0.6573780315848844,0.1301200959846689,0.6725379825094708,target_vs_polycomb_nonDE
MA2046.2,MA2046.2	NAC035,17,166,1.2953993392926544,0.31102607389312187,0.8086677921221168,target_vs_polycomb_nonDE
MA2047.2,MA2047.2	NAC037,257,3245,0.5741910631741141,0.15050831787174535,0.6725379825094708,target_vs_polycomb_nonDE
MA2049.2,MA2049.2	NAC053,259,3262,0.5425608011444921,0.15790452947822628,0.6725379825094708,target_vs_polycomb_nonDE
MA2050.2,MA2050.2	NAC101,265,3293,inf,1.0,1.0,target_vs_polycomb_nonDE
MA2057.1,MA2057.1	PK01630.1,87,1226,0.8280284839708928,0.1854070549151231,0.6793799341478132,target_vs_polycomb_nonDE
MA2061.1,MA2061.1	PK06517.1,110,1514,0.8385818383261602,0.17870700351604712,0.6725379825094708,target_vs_polycomb_nonDE
MA2064.1,MA2064.1	PK07858.1,205,2567,0.9796130372678873,0.8783108639664415,1.0,target_vs_polycomb_nonDE
MA2075.1,MA2075.1	PK18009.1,93,1200,0.9475726744186046,0.7399036833278093,1.0,target_vs_polycomb_nonDE
MA2077.1,MA2077.1	PK18474.1,19,225,1.0565853658536586,0.8002608816865098,1.0,target_vs_polycomb_nonDE
MA2086.1,MA2086.1	PK23964.1,202,2488,1.0503113356811107,0.7674827156000142,1.0,target_vs_polycomb_nonDE
MA2088.1,MA2088.1	PK24580.1,80,1155,0.8042120042120042,0.12285339572728723,0.6725379825094708,target_vs_polycomb_nonDE
MA2089.1,MA2089.1	PK25870.1,229,2816,1.1000927241161615,0.6525579923134239,0.9784919067397175,target_vs_polycomb_nonDE
MA2349.1,MA2349.1	OsCCA1,207,2465,1.2133034902427082,0.2386506852291257,0.7260701949602317,target_vs_polycomb_nonDE
MA2350.1,MA2350.1	OsFBH1,167,1937,1.2017426485307598,0.17312088348535615,0.6725379825094708,target_vs_polycomb_nonDE
MA2357.1,MA2357.1	PK21687.1,263,3278,1.0028981086028066,1.0,1.0,target_vs_polycomb_nonDE
MA2384.1,MA2384.1	estExt_Genewise1.C_2060077,254,3059,1.8418377960712058,0.04739759360998194,0.5988118516641381,target_vs_polycomb_nonDE
MA2386.1,MA2386.1	estExt_gwp_gw1.C_550163,238,3080,0.6382154882154882,0.04426848202579091,0.5839533584872713,target_vs_polycomb_nonDE
MA2389.1,MA2389.1	GBF1,225,2723,1.1981270657363203,0.35383374814063195,0.8285086142989372,target_vs_polycomb_nonDE
MA2391.1,MA2391.1	Lg3,201,2338,1.2962802074422584,0.09053801099192857,0.6228761223885995,target_vs_polycomb_nonDE
MA2392.1,MA2392.1	GRMZM2G135447,197,2270,1.3183532003109615,0.061884332117873364,0.6228761223885995,target_vs_polycomb_nonDE
MA2393.1,MA2393.1	PHYPA_008731,201,2393,1.1943036982866695,0.25173671196503017,0.7260701949602317,target_vs_polycomb_nonDE
MA2404.1,MA2404.1	OsTRBF3,176,2246,0.9306532462204968,0.5852368407574635,0.9614605241015473,target_vs_polycomb_nonDE
MA2406.1,MA2406.1	PK03576.1,203,2518,1.0207473929642061,0.9402551507060011,1.0,target_vs_polycomb_nonDE
MA2407.1,MA2407.1	PK24978.1,136,1773,0.9097705898555857,0.4815977728075537,0.8990543178023315,target_vs_polycomb_nonDE
MA2473.1,MA2473.1	HB88,115,1439,0.9930970581422284,1.0,1.0,target_vs_polycomb_nonDE
MA2611.1,MA2611.1	ereb209,70,1012,0.812658356136617,0.16478660993168892,0.6725379825094708,target_vs_polycomb_nonDE
MA2615.1,MA2615.1	ereb109,152,1798,1.1259314676090444,0.3698485691998046,0.8285086142989372,target_vs_polycomb_nonDE
MA2623.1,MA2623.1	hb66,164,2003,1.0538647474333054,0.7438310984704892,1.0,target_vs_polycomb_nonDE
MA2625.1,MA2625.1	mybr17,82,1014,1.0115109774630582,0.9448670192962585,1.0,target_vs_polycomb_nonDE
MA2627.1,MA2627.1	bzip9,229,2795,1.15615185847744,0.477888878011345,0.8990543178023315,target_vs_polycomb_nonDE
MA2646.1,MA2646.1	GLYMA-11G083900,118,1570,0.8860609211837601,0.37081927619811106,0.8285086142989372,target_vs_polycomb_nonDE
MA2652.1,MA2652.1	GLYMA-01G053800,189,2312,1.0659431342196322,0.6762113146174358,0.9868441054471606,target_vs_polycomb_nonDE
MA2654.1,MA2654.1	GLYMA-05G127600,106,1078,1.3760049474335188,0.017479731441988795,0.4306350832444541,target_vs_polycomb_nonDE
MA2713.1,MA2713.1	SlDof14,258,3274,0.3264682782092678,0.014851497024980254,0.4306350832444541,target_vs_polycomb_nonDE
MA2717.1,MA2717.1	eil2,210,2729,0.8030913754622073,0.17967161578281923,0.6725379825094708,target_vs_polycomb_nonDE
MA2757.1,MA2757.1	pbf1,232,2946,0.8519409985805098,0.41275670757937405,0.8611348511902438,target_vs_polycomb_nonDE
MA2758.1,MA2758.1	ereb122,166,2310,0.7207923389741572,0.015221330384604537,0.4306350832444541,target_vs_polycomb_nonDE
MA0034.2,MA0034.2	Gam1,222,2803,0.9209401886682873,0.6565811006195499,0.9784919067397175,target_vs_polycomb_nonDE
MA0110.4,MA0110.4	ATHB-5,240,2951,1.1451033547949847,0.6038326560561424,0.9727223866473949,target_vs_polycomb_nonDE
MA0128.1,MA0128.1	EmBP-1,263,3284,0.7608099878197321,0.6663481011104208,0.9839438701718536,target_vs_polycomb_nonDE
MA0557.2,MA0557.2	FHY3,251,3152,0.8588877810007252,0.5445616365176487,0.9312534635957568,target_vs_polycomb_nonDE
MA0561.1,MA0561.1	PIF4,195,2308,1.2009470165882645,0.2100618761360214,0.6978722329407823,target_vs_polycomb_nonDE
MA0562.1,MA0562.1	PIF5,200,2515,0.9640617831472702,0.8223592878519828,1.0,target_vs_polycomb_nonDE
MA0567.1,MA0567.1	ERF1B,254,3125,1.3152581818181819,0.47576497610722024,0.8990543178023315,target_vs_polycomb_nonDE
MA0577.4,MA0577.4	SPL3,81,1063,0.9276453024663586,0.6322063561350686,0.9784919067397175,target_vs_polycomb_nonDE
MA0587.2,MA0587.2	TCP16,174,2174,0.9929840169030602,0.9464635796439811,1.0,target_vs_polycomb_nonDE
MA0588.2,MA0588.2	TGA1,256,3192,0.9891395154553049,1.0,1.0,target_vs_polycomb_nonDE
MA0931.2,MA0931.2	ABI5,188,2188,1.2442128255656593,0.12017261502332355,0.6725379825094708,target_vs_polycomb_nonDE
MA0932.1,MA0932.1	AHL12,239,2844,1.48356864654333,0.06260520921867467,0.6228761223885995,target_vs_polycomb_nonDE
MA0933.1,MA0933.1	AHL20,123,1614,0.9064479815697157,0.44440426945622,0.8821196689422739,target_vs_polycomb_nonDE
MA0934.1,MA0934.1	AHL25,257,3107,2.0265529449629867,0.05300237323003637,0.6228761223885995,target_vs_polycomb_nonDE
MA0935.1,MA0935.1	NAC025,56,691,1.0128307217194414,0.9374894244205256,1.0,target_vs_polycomb_nonDE
MA0936.1,MA0936.1	NAC046,219,2769,0.9181308587309812,0.6039877230403919,0.9727223866473949,target_vs_polycomb_nonDE
MA0937.1,MA0937.1	NAC055,249,3162,0.6939634724857685,0.21004152847126728,0.6978722329407823,target_vs_polycomb_nonDE
MA0939.1,MA0939.1	NAC079,182,2244,1.0348237871271182,0.8375305833301303,1.0,target_vs_polycomb_nonDE
MA0946.1,MA0946.1	ARR11,239,3018,0.8680608655757761,0.49723263606885826,0.9146670692823117,target_vs_polycomb_nonDE
MA0947.1,MA0947.1	ARR14,127,1669,0.9009907868115073,0.4436674992458764,0.8821196689422739,target_vs_polycomb_nonDE
MA0949.2,MA0949.2	ARR2,119,1560,0.9106822971548999,0.48215087023100167,0.8990543178023315,target_vs_polycomb_nonDE
MA0950.1,MA0950.1	ATHB-12,239,2911,1.2378511217398198,0.371304863933303,0.8285086142989372,target_vs_polycomb_nonDE
MA0951.1,MA0951.1	ATHB-16,226,2760,1.1400780379041249,0.5450480138102255,0.9312534635957568,target_vs_polycomb_nonDE
MA0952.1,MA0952.1	ATHB-51,160,1798,1.2754912866147572,0.06302515635122946,0.6228761223885995,target_vs_polycomb_nonDE
MA0957.1,MA0957.1	BHLH3,58,731,0.9858508958015293,1.0,1.0,target_vs_polycomb_nonDE
MA0958.1,MA0958.1	BHLH13,10,143,0.8665843959961607,0.8742650993143385,1.0,target_vs_polycomb_nonDE
MA0959.1,MA0959.1	AIB,77,876,1.1347457009618187,0.38656266562872077,0.8477914696062654,target_vs_polycomb_nonDE
MA0963.1,MA0963.1	bHLH78,145,1820,0.9845924908424909,0.9488423955047507,1.0,target_vs_polycomb_nonDE
MA0964.3,MA0964.3	BIM1,88,1119,0.9703579164205328,0.83995982640016,1.0,target_vs_polycomb_nonDE
MA0967.1,MA0967.1	BZIP60,184,2100,1.301305114638448,0.062372854461148056,0.6228761223885995,target_vs_polycomb_nonDE
MA0971.2,MA0971.2	DREB1A,197,2379,1.1252132631110452,0.43414550897213544,0.8810600035022749,target_vs_polycomb_nonDE
MA0972.1,MA0972.1	CCA1,265,3292,inf,1.0,1.0,target_vs_polycomb_nonDE
MA0974.3,MA0974.3	CDF3,265,3302,inf,1.0,1.0,target_vs_polycomb_nonDE
MA0975.1,MA0975.1	CRF2,93,1333,0.7990805840995132,0.10310203352816061,0.6512853808081694,target_vs_polycomb_nonDE
MA0977.1,MA0977.1	DOF2.5,129,1524,1.1072400416859658,0.44262467898565483,0.8821196689422739,target_vs_polycomb_nonDE
MA0978.1,MA0978.1	DREB1E,225,2577,1.5846915017462164,0.008081363760920519,0.39771218569302214,target_vs_polycomb_nonDE
MA0986.1,MA0986.1	DREB2C,165,2123,0.917098445595855,0.5065222130550255,0.9168618231586296,target_vs_polycomb_nonDE
MA1007.1,MA1007.1	PHYPADRAFT_173530,177,2357,0.8072761985574883,0.12159543311118637,0.6725379825094708,target_vs_polycomb_nonDE
MA1009.1,MA1009.1	ARF3,247,3061,1.0848669643181241,0.9020525006995583,1.0,target_vs_polycomb_nonDE
MA1010.2,MA1010.2	PHYPADRAFT_64121,82,1062,0.945540427896638,0.7324594295229798,1.0,target_vs_polycomb_nonDE
MA1013.1,MA1013.1	GATA10,58,875,0.7774962042788129,0.1099024884267793,0.6725379825094708,target_vs_polycomb_nonDE
MA1014.1,MA1014.1	GATA11,185,2386,0.8887520955574183,0.3939633833901006,0.856025340956571,target_vs_polycomb_nonDE
MA1019.2,MA1019.2	Glyma19g26560.1,204,2647,0.828800931459679,0.23179340922890412,0.7169609933735414,target_vs_polycomb_nonDE
MA1020.1,MA1020.1	GT-1,178,2256,0.9495292247493274,0.7317923135067615,1.0,target_vs_polycomb_nonDE
MA1023.1,MA1023.1	PHYPADRAFT_28324,63,791,0.9904494874266188,1.0,1.0,target_vs_polycomb_nonDE
MA1024.2,MA1024.2	HAT1,247,2972,1.5282824884103485,0.10593385840216021,0.659879659630123,target_vs_polycomb_nonDE
MA1028.1,MA1028.1	KAN4,265,3262,inf,0.07062311430900632,0.6228761223885995,target_vs_polycomb_nonDE
MA1032.2,MA1032.2	DREB1G,70,995,0.8326762015204227,0.2100618761360214,0.6978722329407823,target_vs_polycomb_nonDE
MA1033.1,MA1033.1	OJ1058_F05.8,204,2411,1.2372799532198735,0.17053129890170554,0.6725379825094708,target_vs_polycomb_nonDE
MA1034.1,MA1034.1	Os05g0497200,57,714,0.9936772786037492,1.0,1.0,target_vs_polycomb_nonDE
MA1035.1,MA1035.1	TCP4,107,1405,0.914843010946439,0.5185578407824454,0.9171982271071857,target_vs_polycomb_nonDE
MA1036.1,MA1036.1	MYB111,172,2222,0.8997609438363191,0.4548661775870648,0.8947696519640289,target_vs_polycomb_nonDE
MA1038.2,MA1038.2	MYB3,218,2754,0.9246280072312613,0.6685536296452108,0.9839438701718536,target_vs_polycomb_nonDE
MA1039.1,MA1039.1	MYB4,215,2767,0.832959884351283,0.2630442669858902,0.7493323686721003,target_vs_polycomb_nonDE
MA1040.1,MA1040.1	MYB46,105,1375,0.9201818181818182,0.559922074438029,0.9407421712782511,target_vs_polycomb_nonDE
MA1041.1,MA1041.1	MYB55,99,1414,0.7967272200541913,0.09293023017849844,0.6228761223885995,target_vs_polycomb_nonDE
MA1042.1,MA1042.1	MYB59,193,2504,0.8553370163294285,0.2979476407881404,0.7990553176418266,target_vs_polycomb_nonDE
MA1044.2,MA1044.2	NAC92,160,1882,1.1505490612823237,0.3020322298578362,0.7990553176418266,target_vs_polycomb_nonDE
MA1045.2,MA1045.2	NAC043,202,2468,1.0848061536878393,0.6075339114585193,0.9727223866473949,target_vs_polycomb_nonDE
MA1050.1,MA1050.1	OsI_08196,253,3168,0.8984375,0.7469199189459236,1.0,target_vs_polycomb_nonDE
MA1051.1,MA1051.1	RAP2-3,76,1015,0.9064456433914562,0.5329463362799166,0.9215459599439595,target_vs_polycomb_nonDE
MA1053.1,MA1053.1	ERF109,58,772,0.9186128006808341,0.6502673178622616,0.9784919067397175,target_vs_polycomb_nonDE
MA1055.3,MA1055.3	SPL1,165,2293,0.726777147841256,0.01886526217523883,0.4306350832444541,target_vs_polycomb_nonDE
MA1056.2,MA1056.2	SPL11,93,1218,0.9255785313323405,0.5965201129773111,0.9711044307452777,target_vs_polycomb_nonDE
MA1063.2,MA1063.2	TCP19,164,2060,0.9797750648851293,0.89523573841865,1.0,target_vs_polycomb_nonDE
MA1064.2,MA1064.2	TCP2,189,2478,0.8279438001784122,0.18620587084962903,0.6793799341478132,target_vs_polycomb_nonDE
MA1066.1,MA1066.1	TCP23,146,1896,0.9104616530156366,0.4781975460084527,0.8990543178023315,target_vs_polycomb_nonDE
MA1067.1,MA1067.1	TCP5,85,1132,0.9056488025127601,0.500922608173843,0.9168618231586296,target_vs_polycomb_nonDE
MA1075.1,MA1075.1	WRKY12,265,3297,inf,1.0,1.0,target_vs_polycomb_nonDE
MA1076.3,MA1076.3	WRKY15,176,2007,1.2769688114072655,0.07679909721522804,0.6228761223885995,target_vs_polycomb_nonDE
MA1080.1,MA1080.1	WRKY23,166,1982,1.1175631185722004,0.43392150683011754,0.8810600035022749,target_vs_polycomb_nonDE
MA1081.3,MA1081.3	WRKY25,148,1628,1.3014763014763016,0.041142239972290745,0.5839533584872713,target_vs_polycomb_nonDE
MA1084.1,MA1084.1	WRKY38,230,2678,1.5336605142430386,0.021116052702408343,0.444978552966366,target_vs_polycomb_nonDE
MA1091.1,MA1091.1	WRKY62,247,3107,0.8656438865643886,0.5896089592852378,0.9651080957643399,target_vs_polycomb_nonDE
MA1095.1,MA1095.1	ARALYDRAFT_495258,218,2732,0.9694246285162456,0.8659954583316524,1.0,target_vs_polycomb_nonDE
MA1096.1,MA1096.1	ARALYDRAFT_496250,84,1016,1.044655674946709,0.782174460562068,1.0,target_vs_polycomb_nonDE
MA1097.1,MA1097.1	ARALYDRAFT_493022,170,2283,0.7995020402517463,0.0983831389924712,0.6258842246542317,target_vs_polycomb_nonDE
MA1098.1,MA1098.1	ARALYDRAFT_484486,171,2134,0.9965253544437576,1.0,1.0,target_vs_polycomb_nonDE
MA1164.2,MA1164.2	HHO5,239,2969,1.034095914190222,1.0,1.0,target_vs_polycomb_nonDE
MA1168.2,MA1168.2	MYR2,254,3206,0.6986332444847728,0.26178937541294317,0.7493323686721003,target_vs_polycomb_nonDE
MA1177.2,MA1177.2	MYB65,175,2085,1.1358912869704236,0.35445664455715953,0.8285086142989372,target_vs_polycomb_nonDE
MA1178.3,MA1178.3	MYB3R1,228,2874,0.91982170061502,0.6360272317444056,0.9784919067397175,target_vs_polycomb_nonDE
MA1198.2,MA1198.2	HAT2,262,3250,1.4242051282051282,0.7964198188489962,1.0,target_vs_polycomb_nonDE
MA1209.2,MA1209.2	ATHB-20,213,2521,1.2706038507307844,0.15153686606639163,0.6725379825094708,target_vs_polycomb_nonDE
MA1212.2,MA1212.2	ATHB-13,243,2912,1.48309502997003,0.08964224596096444,0.6228761223885995,target_vs_polycomb_nonDE
MA1218.2,MA1218.2	DREB1D,205,2505,1.0884231536926148,0.6019225872707303,0.9727223866473949,target_vs_polycomb_nonDE
MA1231.3,MA1231.3	ERF15,234,2894,1.0667900216242727,0.8459525766638178,1.0,target_vs_polycomb_nonDE
MA1232.2,MA1232.2	ERF054,131,1699,0.9229485298639235,0.5655095570015869,0.9407421712782511,target_vs_polycomb_nonDE
MA1233.3,MA1233.3	ERF021,171,2252,0.8489900230527947,0.21913993310604257,0.7053987621969672,target_vs_polycomb_nonDE
MA1238.3,MA1238.3	ERF038,238,3059,0.7031104330875498,0.11567223226580294,0.6725379825094708,target_vs_polycomb_nonDE
MA1248.2,MA1248.2	ERF012,112,1657,0.7271665858055151,0.01513147828227103,0.4306350832444541,target_vs_polycomb_nonDE
MA1253.2,MA1253.2	ERF036,249,3197,0.5159915545824211,0.02133119038746236,0.444978552966366,target_vs_polycomb_nonDE
MA1265.3,MA1265.3	ERF015,253,3129,1.1724193032917865,0.7732209642056815,1.0,target_vs_polycomb_nonDE
MA1275.2,MA1275.2	DOF1.6,135,1622,1.07623541686427,0.5663330796992816,0.9407421712782511,target_vs_polycomb_nonDE
MA1286.2,MA1286.2	TCP24,177,2333,0.8362720648404317,0.20815896242605716,0.6978722329407823,target_vs_polycomb_nonDE
MA1289.2,MA1289.2	TCP3,117,1540,0.9050149175149175,0.4432533994345736,0.8821196689422739,target_vs_polycomb_nonDE
MA1295.2,MA1295.2	WRKY20,218,2627,1.193562756643368,0.30287492530459426,0.7990553176418266,target_vs_polycomb_nonDE
MA1300.2,MA1300.2	WRKY6,189,2230,1.1965836676894028,0.21887694570709226,0.7053987621969672,target_vs_polycomb_nonDE
MA1307.3,MA1307.3	WRKY31,256,3120,1.6683760683760684,0.15699518670933843,0.6725379825094708,target_vs_polycomb_nonDE
MA1310.2,MA1310.2	WRKY42,145,1674,1.1758512544802868,0.22499270545853756,0.7053987621969672,target_vs_polycomb_nonDE
MA1320.2,MA1320.2	SPL15,55,910,0.6887231815803244,0.01752526433911423,0.4306350832444541,target_vs_polycomb_nonDE
MA1321.2,MA1321.2	SPL13A,127,1636,0.9377281102724921,0.6549889088660301,0.9784919067397175,target_vs_polycomb_nonDE
MA1324.1,MA1324.1	GATA20,45,551,1.0216135951163174,0.8644954045130329,1.0,target_vs_polycomb_nonDE
MA1325.2,MA1325.2	GATA14,116,1597,0.8316600337041349,0.1599594168030574,0.6725379825094708,target_vs_polycomb_nonDE
MA1326.2,MA1326.2	ZHD5,261,3185,2.417425431711146,0.07882985454337421,0.6228761223885995,target_vs_polycomb_nonDE
MA1343.2,MA1343.2	BZIP52,263,3292,0.4393985419198056,0.25079771793988964,0.7260701949602317,target_vs_polycomb_nonDE
MA1351.3,MA1351.3	GBF3,262,3278,0.66605653853976,0.45982271349017595,0.8969825545645692,target_vs_polycomb_nonDE
MA1358.2,MA1358.2	bHLH130,257,3161,1.4431350838342296,0.42459358041414896,0.8775586212707179,target_vs_polycomb_nonDE
MA1366.2,MA1366.2	DF1,265,3302,inf,1.0,1.0,target_vs_polycomb_nonDE
MA1386.3,MA1386.3	HHO3,40,568,0.8560250391236307,0.4445017729787155,0.8821196689422739,target_vs_polycomb_nonDE
MA1390.3,MA1390.3	HHO2,226,2887,0.8350075049070547,0.3379183217761449,0.8253945374008289,target_vs_polycomb_nonDE
MA1392.3,MA1392.3	MYB98,167,2091,0.9877316780370685,0.9472234225585048,1.0,target_vs_polycomb_nonDE
MA1394.3,MA1394.3	MYB73,59,795,0.9035354460523906,0.5497312013527232,0.9356904888299673,target_vs_polycomb_nonDE
MA1398.3,MA1398.3	KUA1,19,307,0.7537406318688594,0.26958186545721774,0.756238697837245,target_vs_polycomb_nonDE
MA1408.2,MA1408.2	FaEOBII,11,143,0.9569957601453665,1.0,1.0,target_vs_polycomb_nonDE
MA1411.2,MA1411.2	TSAR1,166,2064,1.0065480385247827,1.0,1.0,target_vs_polycomb_nonDE
MA1412.2,MA1412.2	TSAR2,140,1822,0.910384193194292,0.48056435312157775,0.8990543178023315,target_vs_polycomb_nonDE
MA1428.2,MA1428.2	TCP8,211,2706,0.8620555144945389,0.36305935262014544,0.8285086142989372,target_vs_polycomb_nonDE
MA1661.2,MA1661.2	GTL1,254,3216,0.6246607869742198,0.16683858854302183,0.6725379825094708,target_vs_polycomb_nonDE
MA1662.2,MA1662.2	AT3G10030,178,2258,0.9468759862761268,0.6812150173683554,0.9868441054471606,target_vs_polycomb_nonDE
MA1663.3,MA1663.3	NAC050,151,1918,0.956474214733915,0.7466034333020779,1.0,target_vs_polycomb_nonDE
MA1664.3,MA1664.3	HSFA6B,148,2037,0.7861737346273429,0.0664819524468979,0.6228761223885995,target_vs_polycomb_nonDE
MA1667.3,MA1667.3	HSFC1,152,1945,0.9391723730008872,0.6500068240543813,0.9784919067397175,target_vs_polycomb_nonDE
MA1669.2,MA1669.2	DREB1B,195,2514,0.8742754858506648,0.3701830470045569,0.8285086142989372,target_vs_polycomb_nonDE
MA1670.2,MA1670.2	DREB1C,130,1609,1.0138342195520567,0.9490991499839805,1.0,target_vs_polycomb_nonDE
MA1671.2,MA1671.2	ERF118,119,1614,0.852943423129806,0.225178482610976,0.7053987621969672,target_vs_polycomb_nonDE
MA1673.2,MA1673.2	LBD18,248,3074,1.086761835508439,0.8995336921725037,1.0,target_vs_polycomb_nonDE
MA1675.2,MA1675.2	NAC029,226,2878,0.8557402754762032,0.3928393047029787,0.856025340956571,target_vs_polycomb_nonDE
MA1678.3,MA1678.3	NTL8,265,3298,inf,1.0,1.0,target_vs_polycomb_nonDE
MA1679.2,MA1679.2	RAP2-1,47,642,0.8936165652062077,0.5711860815279419,0.9470497507034453,target_vs_polycomb_nonDE
MA1689.2,MA1689.2	ARF18,214,2613,1.1080344881925215,0.5817665791516171,0.9575130669706433,target_vs_polycomb_nonDE
MA1691.2,MA1691.2	ARF27,69,785,1.129221370076693,0.4107163775705204,0.8611348511902438,target_vs_polycomb_nonDE
MA1692.2,MA1692.2	ARF29,222,2759,1.0179623557574786,1.0,1.0,target_vs_polycomb_nonDE
MA1693.2,MA1693.2	ARF34,62,1092,0.6183890001623992,0.00103361884092013,0.20742877728489015,target_vs_polycomb_nonDE
MA1697.2,MA1697.2	ARF4,11,316,0.40936160669789695,0.0018499779467994661,0.20742877728489015,target_vs_polycomb_nonDE
MA1706.2,MA1706.2	AT1G14600,265,3300,inf,1.0,1.0,target_vs_polycomb_nonDE
MA1745.2,MA1745.2	BZIP63,173,2077,1.109972577505181,0.46706098444723726,0.8990422812213988,target_vs_polycomb_nonDE
MA1751.2,MA1751.2	EIL3,239,2969,1.034095914190222,1.0,1.0,target_vs_polycomb_nonDE
MA1752.2,MA1752.2	ERF025,72,1082,0.7657667148726691,0.06533544474220601,0.6228761223885995,target_vs_polycomb_nonDE
MA1775.2,MA1775.2	MYB61,169,2256,0.8170018838652482,0.13252944164812194,0.6725379825094708,target_vs_polycomb_nonDE
MA1779.2,MA1779.2	MYB83,219,2739,0.9803323967807991,0.9323980131333487,1.0,target_vs_polycomb_nonDE
MA1794.2,MA1794.2	NLP7,263,3267,1.4490358126721763,1.0,1.0,target_vs_polycomb_nonDE
MA1795.2,MA1795.2	RAP2-4,119,1408,1.0969849392901618,0.47841038117974877,0.8990543178023315,target_vs_polycomb_nonDE
MA1797.1,MA1797.1	RAV2,265,3303,,1.0,1.0,target_vs_polycomb_nonDE
MA1800.1,MA1800.1	TEM1,234,2888,1.0846885890447682,0.7720786501519512,1.0,target_vs_polycomb_nonDE
MA1807.2,MA1807.2	ZHD10,264,3245,4.71864406779661,0.1267174579915517,0.6725379825094708,target_vs_polycomb_nonDE
MA1819.2,MA1819.2	Zm00001d005892,122,1632,0.8735345536816125,0.30713902354855105,0.8008828608228206,target_vs_polycomb_nonDE
MA1822.2,MA1822.2	Zm00001d018571,127,1582,1.0011497095952655,1.0,1.0,target_vs_polycomb_nonDE
MA1823.2,MA1823.2	Zm00001d027846,256,3246,0.49948654754569727,0.05874678248069938,0.6228761223885995,target_vs_polycomb_nonDE
MA1824.2,MA1824.2	Zm00001d005692,205,2417,1.2524479382154186,0.14815518519747967,0.6725379825094708,target_vs_polycomb_nonDE
MA1828.2,MA1828.2	Zm00001d038683,131,1692,0.9308113686884726,0.6095247225126788,0.9727223866473949,target_vs_polycomb_nonDE
MA1835.2,MA1835.2	TFLG2-Zm00001d042777,37,539,0.8321778472154412,0.34072484553981336,0.8282660879382455,target_vs_polycomb_nonDE
MA2007.2,MA2007.2	MYB107,260,3253,0.7992622194897018,0.6008119120419491,0.9727223866473949,target_vs_polycomb_nonDE
MA2008.2,MA2008.2	MYB99,259,3242,0.8122044005757763,0.6344265168855681,0.9784919067397175,target_vs_polycomb_nonDE
MA2011.2,MA2011.2	ERF010,90,1130,0.9889759797724399,1.0,1.0,target_vs_polycomb_nonDE
MA2015.2,MA2015.2	NAC002,182,2369,0.8645201320266291,0.2895137019531615,0.7893428287294403,target_vs_polycomb_nonDE
MA2018.2,MA2018.2	NAC69,230,2862,1.0125786163522013,1.0,1.0,target_vs_polycomb_nonDE
MA2019.2,MA2019.2	HSFA1B,33,481,0.8345221879704638,0.41280711929967095,0.8611348511902438,target_vs_polycomb_nonDE
MA2021.2,MA2021.2	LBD13,199,2741,0.6182105623915183,0.0018477746670953056,0.20742877728489015,target_vs_polycomb_nonDE
MA2025.2,MA2025.2	MYB93,250,3134,0.8987449478834291,0.6650567528346066,0.9839438701718536,target_vs_polycomb_nonDE
MA2048.2,MA2048.2	NAC045,191,2514,0.8100528929884538,0.15632721487994572,0.6725379825094708,target_vs_polycomb_nonDE
MA2051.2,MA2051.2	NAC68,231,2914,0.9069704065565828,0.6211748546971596,0.9758210939813523,target_vs_polycomb_nonDE
MA2052.2,MA2052.2	ZAT6,256,3148,1.400536495835098,0.4441376867276035,0.8821196689422739,target_vs_polycomb_nonDE
MA2055.1,MA2055.1	PK00315.1,159,1970,1.01497461928934,0.9481453434713255,1.0,target_vs_polycomb_nonDE
MA2060.1,MA2060.1	PK05451.1,178,2300,0.892223888055972,0.40603396887981297,0.8602040238463022,target_vs_polycomb_nonDE
MA2065.1,MA2065.1	PK08602.1,234,2972,0.8406851039812443,0.39696480978902404,0.856025340956571,target_vs_polycomb_nonDE
MA2066.1,MA2066.1	PK09021.1,140,1528,1.301047120418848,0.040700548868648545,0.5839533584872713,target_vs_polycomb_nonDE
MA2067.1,MA2067.1	PK09702.1,182,2340,0.9024096385542169,0.48310388091496514,0.8990543178023315,target_vs_polycomb_nonDE
MA2068.1,MA2068.1	PK10344.1,188,2499,0.7855194025662213,0.08891541672351069,0.6228761223885995,target_vs_polycomb_nonDE
MA2071.1,MA2071.1	PK15505.1,158,1917,1.0676144091966127,0.65070378733562,0.9784919067397175,target_vs_polycomb_nonDE
MA2072.1,MA2072.1	PK16335.1,41,540,0.9365327380952381,0.7952882481692003,1.0,target_vs_polycomb_nonDE
MA2074.1,MA2074.1	PK17878.1,90,1312,0.7804442508710802,0.06733743826640776,0.6228761223885995,target_vs_polycomb_nonDE
MA2076.1,MA2076.1	PK18401.1,147,1766,1.0842226999635296,0.56463753252858,0.9407421712782511,target_vs_polycomb_nonDE
MA2078.1,MA2078.1	PK19363.1,33,451,0.8994953742640874,0.6415030734486248,0.9784919067397175,target_vs_polycomb_nonDE
MA2083.1,MA2083.1	PK21166.1,123,1625,0.8944485373781148,0.4066070302238931,0.8602040238463022,target_vs_polycomb_nonDE
MA2087.1,MA2087.1	PK24205.1,183,2130,1.2290106492614221,0.14155073430023027,0.6725379825094708,target_vs_polycomb_nonDE
MA2091.1,MA2091.1	PK27109.1,121,1487,1.0261899424643204,0.8475912143370727,1.0,target_vs_polycomb_nonDE
MA2092.1,MA2092.1	PK27149.1,203,2398,1.2356735451585998,0.17241400234866552,0.6725379825094708,target_vs_polycomb_nonDE
MA2106.1,MA2106.1	Zm00001d024644,165,2179,0.8511243689765947,0.2264825457221032,0.7053987621969672,target_vs_polycomb_nonDE
MA2343.1,MA2343.1	MYB3R3,110,1562,0.7910040890504316,0.07331964076388933,0.6228761223885995,target_vs_polycomb_nonDE
MA2351.1,MA2351.1	OsEIL3,263,3288,0.5999087591240876,0.36358526495435906,0.8285086142989372,target_vs_polycomb_nonDE
MA2353.1,MA2353.1	PK02532.1,247,2968,1.5488357292602575,0.08663641910943348,0.6228761223885995,target_vs_polycomb_nonDE
MA2354.1,MA2354.1	PK06182.1,165,2052,1.005921052631579,1.0,1.0,target_vs_polycomb_nonDE
MA2360.1,MA2360.1	PK28565.1,94,1277,0.8721281145960699,0.3251165639592041,0.8253945374008289,target_vs_polycomb_nonDE
MA2362.1,MA2362.1	TEIL,34,413,1.0299466473800614,0.8473396424890163,1.0,target_vs_polycomb_nonDE
MA2364.1,MA2364.1	VIT_15s0048g01150,197,2527,0.8896389580763053,0.452406658395339,0.8938519219837424,target_vs_polycomb_nonDE
MA2365.1,MA2365.1	VIT_17s0000g10420,157,1920,1.047120949074074,0.7464965563882814,1.0,target_vs_polycomb_nonDE
MA2374.1,MA2374.1	AHL13,254,3102,1.4962194478635484,0.2255306034306797,0.7053987621969672,target_vs_polycomb_nonDE
MA2390.1,MA2390.1	GLYMA19G26560,264,3259,3.5642835225529304,0.25427917002895883,0.7310526138332566,target_vs_polycomb_nonDE
MA2395.1,MA2395.1	PHYPA_011264,257,3223,0.7973937325473162,0.5342295419964983,0.9215459599439595,target_vs_polycomb_nonDE
MA2399.1,MA2399.1	LjSGA_053525.1,167,2114,0.9584451566814048,0.7401302435766033,1.0,target_vs_polycomb_nonDE
MA2400.1,MA2400.1	LjTCP20,197,2638,0.7303048209427819,0.03956182408570845,0.5839533584872713,target_vs_polycomb_nonDE
MA2401.1,MA2401.1	Os05g0437700,121,1580,0.9163282348804501,0.5229005589204723,0.9171982271071857,target_vs_polycomb_nonDE
MA2410.1,MA2410.1	ZmbZIP54,122,1333,1.260839685445837,0.07926725219703858,0.6228761223885995,target_vs_polycomb_nonDE
MA2414.1,MA2414.1	EREB127,106,1514,0.7877586966094232,0.07250506234994628,0.6228761223885995,target_vs_polycomb_nonDE
MA2420.1,MA2420.1	SBP6,237,3058,0.6781393067364291,0.0709744076093636,0.6228761223885995,target_vs_polycomb_nonDE
MA2421.1,MA2421.1	SBP8,127,1740,0.8266741629185407,0.14177554798171227,0.6725379825094708,target_vs_polycomb_nonDE
MA2459.1,MA2459.1	EDF3,265,3290,inf,0.6168346404844001,0.9727223866473949,target_vs_polycomb_nonDE
MA2461.1,MA2461.1	WOX13,204,2533,1.0166134888326548,1.0,1.0,target_vs_polycomb_nonDE
MA2476.1,MA2476.1	KNAT7,263,3227,3.096994112178494,0.12333679660100627,0.6725379825094708,target_vs_polycomb_nonDE
MA2477.1,MA2477.1	NGA4,187,2409,0.8897084650509308,0.4301882658966275,0.8810600035022749,target_vs_polycomb_nonDE
MA2478.1,MA2478.1	PK13314.1,90,1182,0.9228426395939087,0.5939969477511791,0.9687550220596501,target_vs_polycomb_nonDE
MA2479.1,MA2479.1	TCX5,162,1687,1.5066211635522355,0.0017134688219007923,0.20742877728489015,target_vs_polycomb_nonDE
MA2498.1,MA2498.1	LSH1,186,2450,0.8197261689485921,0.16718607622637882,0.6725379825094708,target_vs_polycomb_nonDE
MA2501.1,MA2501.1	G1,101,1383,0.8549812179249775,0.24402624372879092,0.7260701949602317,target_vs_polycomb_nonDE
MA2502.1,MA2502.1	TMF,263,3234,2.8056586270871984,0.16976721474894152,0.6725379825094708,target_vs_polycomb_nonDE
MA2604.1,MA2604.1	dof22,264,3298,0.40024257125530627,0.37084778793987827,0.8285086142989372,target_vs_polycomb_nonDE
MA2605.1,MA2605.1	mybr26,122,1633,0.8724771860105601,0.30702873873530534,0.8008828608228206,target_vs_polycomb_nonDE
MA2606.1,MA2606.1	mybr43,172,2278,0.8321768765281751,0.16940505728330507,0.6725379825094708,target_vs_polycomb_nonDE
MA2607.1,MA2607.1	tcptf23,257,3223,0.7973937325473162,0.5342295419964983,0.9215459599439595,target_vs_polycomb_nonDE
MA2609.1,MA2609.1	ereb172,242,2990,1.1014395812127382,0.7434600610477496,1.0,target_vs_polycomb_nonDE
MA2612.1,MA2612.1	ereb147,150,1851,1.0231837079839334,0.8976860737592296,1.0,target_vs_polycomb_nonDE
MA2620.1,MA2620.1	g2,145,1934,0.8553300586004826,0.24385723512576502,0.7260701949602317,target_vs_polycomb_nonDE
MA2621.1,MA2621.1	glk25,249,3109,0.9710919909938888,0.8919912947021627,1.0,target_vs_polycomb_nonDE
MA2624.1,MA2624.1	myb37,263,3276,1.0837912087912087,1.0,1.0,target_vs_polycomb_nonDE
MA2647.1,MA2647.1	GLYMA-12G226000,260,3233,1.1258892669347356,1.0,1.0,target_vs_polycomb_nonDE
MA2649.1,MA2649.1	GLYMA-08G271900,264,3275,2.2570992366412215,0.7201908984672328,1.0,target_vs_polycomb_nonDE
MA2668.1,MA2668.1	GLYMA-20G155100,75,963,0.9591736350221348,0.8330195197877597,1.0,target_vs_polycomb_nonDE
MA2671.1,MA2671.1	GLYMA-19G100900,187,2347,0.9765439786743578,0.888104374658107,1.0,target_vs_polycomb_nonDE
MA2710.1,MA2710.1	SolycHsfB1,211,2672,0.9227447882013751,0.6266988163407928,0.9784919067397175,target_vs_polycomb_nonDE
MA2711.1,MA2711.1	SolycHsfB2b,253,3075,1.5632520325203252,0.16032344998744913,0.6725379825094708,target_vs_polycomb_nonDE
MA2726.1,MA2726.1	SlWRKY41,261,3225,1.5781395348837208,0.5213929440231218,0.9171982271071857,target_vs_polycomb_nonDE
MA2727.1,MA2727.1	SolycHsfA7,254,3175,0.9309090909090909,0.7428319090108716,1.0,target_vs_polycomb_nonDE
MA2736.1,MA2736.1	la3,229,2584,1.769984090127279,0.0013073293148388732,0.20742877728489015,target_vs_polycomb_nonDE
MA2744.1,MA2744.1	SlWRKY40,204,2530,1.0217844877859132,0.9399223519985801,1.0,target_vs_polycomb_nonDE
MA2745.1,MA2745.1	SlWRKY81,255,3197,0.8454801376290272,0.5882801470255945,0.9646934038061393,target_vs_polycomb_nonDE
MA2749.1,MA2749.1	TraesCS2D02G576500,7,201,0.4187203517297235,0.019617415812872817,0.4306350832444541,target_vs_polycomb_nonDE
MA2754.1,MA2754.1	wrky38,103,1300,0.979624881291548,0.8961619596566942,1.0,target_vs_polycomb_nonDE
MA2760.1,MA2760.1	p2,260,3267,0.5730027548209367,0.22632392400668785,0.7053987621969672,target_vs_polycomb_nonDE
MA0008.4,MA0008.4	HAT5,99,1009,1.3559052861595042,0.022817470322857438,0.4548282417689583,target_vs_polycomb_nonDE
MA0054.1,MA0054.1	myb.Ph3,221,2765,0.9772973861581457,0.863133907077301,1.0,target_vs_polycomb_nonDE
MA0566.2,MA0566.2	MYC2,74,920,1.003539722285454,1.0,1.0,target_vs_polycomb_nonDE
MA0575.2,MA0575.2	MYB77,245,3044,1.042296320630749,1.0,1.0,target_vs_polycomb_nonDE
MA0579.2,MA0579.2	CDC5,132,1621,1.0298293543853465,0.8481643085473022,1.0,target_vs_polycomb_nonDE
MA0990.2,MA0990.2	HDG11,134,1577,1.1195476966120812,0.40620022799980465,0.8602040238463022,target_vs_polycomb_nonDE
MA0992.3,MA0992.3	ERF4,133,1820,0.8210081585081586,0.1242018999941961,0.6725379825094708,target_vs_polycomb_nonDE
MA1005.3,MA1005.3	ERF082,82,1195,0.7904337288794384,0.09582709575209222,0.6228761223885995,target_vs_polycomb_nonDE
MA1046.1,MA1046.1	NTL9,235,2616,2.0571483180428136,0.00012002221843164632,0.08418967636362722,target_vs_polycomb_nonDE
MA1047.3,MA1047.3	TGA5,148,1541,1.4463690466286183,0.004010514521070416,0.32703922958183296,target_vs_polycomb_nonDE
MA1054.2,MA1054.2	ARALYDRAFT_897773,64,718,1.146357349741543,0.3551686500893322,0.8285086142989372,target_vs_polycomb_nonDE
MA1059.3,MA1059.3	SPL5,258,3233,0.7980204144757191,0.5106780182637157,0.9168618231586296,target_vs_polycomb_nonDE
MA1083.3,MA1083.3	WRKY30,115,1151,1.4334202143064003,0.006144387684750416,0.384701521965291,target_vs_polycomb_nonDE
MA1167.2,MA1167.2	EFM,204,2532,1.0183357936446276,0.9399451507799526,1.0,target_vs_polycomb_nonDE
MA1173.2,MA1173.2	MYB101,96,1246,0.9377795929222031,0.6451497857073927,0.9784919067397175,target_vs_polycomb_nonDE
MA1175.2,MA1175.2	MYB81,81,1051,0.9432631448310098,0.7316705421358103,1.0,target_vs_polycomb_nonDE
MA1182.2,MA1182.2	RVE8,264,3271,2.582696423112198,0.5110178044064155,0.9168618231586296,target_vs_polycomb_nonDE
MA1183.2,MA1183.2	RVE6,174,2144,1.0336333442676726,0.8410422066078069,1.0,target_vs_polycomb_nonDE
MA1184.2,MA1184.2	RVE1,144,1736,1.0742278249609627,0.609130877045561,0.9727223866473949,target_vs_polycomb_nonDE
MA1185.2,MA1185.2	LHY,264,3289,1.1237458193979932,1.0,1.0,target_vs_polycomb_nonDE
MA1187.2,MA1187.2	RVE4,244,3015,1.1098791755508173,0.7340319938573991,1.0,target_vs_polycomb_nonDE
MA1190.2,MA1190.2	RVE5,264,3284,1.5274056029232643,1.0,1.0,target_vs_polycomb_nonDE
MA1191.2,MA1191.2	RVE7L,260,3156,2.4220532319391634,0.05544192329424964,0.6228761223885995,target_vs_polycomb_nonDE
MA1197.2,MA1197.2	CAMTA1,214,2712,0.9144108971022037,0.561596482450849,0.9407421712782511,target_vs_polycomb_nonDE
MA1210.3,MA1210.3	HAT22,195,2441,0.9837303212968924,0.9420700988120126,1.0,target_vs_polycomb_nonDE
MA1211.2,MA1211.2	ATHB-X,241,2941,1.2360024934829423,0.410295171325605,0.8611348511902438,target_vs_polycomb_nonDE
MA1213.3,MA1213.3	ZHD3,242,3046,0.8877501498758171,0.5544779303227847,0.9407421712782511,target_vs_polycomb_nonDE
MA1215.2,MA1215.2	ATHB-53,248,3025,1.340670879922217,0.2968390321526257,0.7990553176418266,target_vs_polycomb_nonDE
MA1220.2,MA1220.2	TINY,139,1892,0.8227163663210175,0.13806768657234875,0.6725379825094708,target_vs_polycomb_nonDE
MA1223.2,MA1223.2	ERF035,181,2433,0.7705067230344665,0.060850591306638786,0.6228761223885995,target_vs_polycomb_nonDE
MA1229.2,MA1229.2	ERF034,69,964,0.8541737234312812,0.29165236244418735,0.7927641488255638,target_vs_polycomb_nonDE
MA1230.2,MA1230.2	ERF037,161,2150,0.830201252236136,0.16070454238955034,0.6725379825094708,target_vs_polycomb_nonDE
MA1234.2,MA1234.2	ERF017,215,2724,0.9139867841409691,0.5586203784327478,0.9407421712782511,target_vs_polycomb_nonDE
MA1241.2,MA1241.2	ERF043,123,1722,0.795271629778672,0.07400643782688485,0.6228761223885995,target_vs_polycomb_nonDE
MA1245.3,MA1245.3	ERF112,242,2973,1.1679024261834774,0.5924357719493847,0.9679688295785028,target_vs_polycomb_nonDE
MA1251.2,MA1251.2	RAP2-9,259,3234,0.920995670995671,0.8226343402967649,1.0,target_vs_polycomb_nonDE
MA1258.2,MA1258.2	DREB2A,170,2147,0.9634986394724585,0.7891886575678893,1.0,target_vs_polycomb_nonDE
MA1259.2,MA1259.2	ERF023,243,3087,0.7728597932679565,0.25113764314022846,0.7260701949602317,target_vs_polycomb_nonDE
MA1260.2,MA1260.2	ERF013,115,1462,0.9654126766985864,0.7974247190331807,1.0,target_vs_polycomb_nonDE
MA1263.2,MA1263.2	ERF055,261,3257,0.921553576911268,0.7854562138607599,1.0,target_vs_polycomb_nonDE
MA1294.2,MA1294.2	MYB62,203,2597,0.8900965133466655,0.43779891009999217,0.8821196689422739,target_vs_polycomb_nonDE
MA1298.2,MA1298.2	WRKY29,241,3012,0.9701610225763613,0.9102715253190354,1.0,target_vs_polycomb_nonDE
MA1305.2,MA1305.2	WRKY55,225,2796,1.019983905579399,1.0,1.0,target_vs_polycomb_nonDE
MA1312.2,MA1312.2	WRKY47,244,2980,1.2593799936081815,0.3864627534842633,0.8477914696062654,target_vs_polycomb_nonDE
MA1317.2,MA1317.2	WRKY50,163,2013,1.0240787820344233,0.8959222888655587,1.0,target_vs_polycomb_nonDE
MA1323.2,MA1323.2	GATA19,175,2218,0.951182246267909,0.7342024835503365,1.0,target_vs_polycomb_nonDE
MA1329.3,MA1329.3	ZHD1,224,2653,1.3385674753845165,0.10589134938808509,0.659879659630123,target_vs_polycomb_nonDE
MA1357.2,MA1357.2	bHLH80,222,2706,1.1390192337441345,0.5056383966882612,0.9168618231586296,target_vs_polycomb_nonDE
MA1364.2,MA1364.2	BHLH72,117,1345,1.1508389430322516,0.2989685741655781,0.7990553176418266,target_vs_polycomb_nonDE
MA1382.2,MA1382.2	FAR1,72,1009,0.8481593123032602,0.2666771080791154,0.7522307105250519,target_vs_polycomb_nonDE
MA1397.2,MA1397.2	AT1G74840,56,733,0.9394439838900239,0.7583299138613662,1.0,target_vs_polycomb_nonDE
MA1401.2,MA1401.2	RVE7,215,2637,1.0860068259385665,0.6901643539967006,0.9868441054471606,target_vs_polycomb_nonDE
MA1405.2,MA1405.2	SIZF2,100,1377,0.8476926123984948,0.21851449967746098,0.7053987621969672,target_vs_polycomb_nonDE
MA1406.2,MA1406.2	ATHB-4,255,3140,1.3237261146496815,0.4597779470994179,0.8969825545645692,target_vs_polycomb_nonDE
MA1409.2,MA1409.2	OsRR22,187,2247,1.1266988463250145,0.4113324778837017,0.8611348511902438,target_vs_polycomb_nonDE
MA1415.2,MA1415.2	REF6,232,3078,0.5139110402268297,0.001811147109517585,0.20742877728489015,target_vs_polycomb_nonDE
MA1424.2,MA1424.2	ERF019,34,530,0.770089030466389,0.18908878525893402,0.6793799341478132,target_vs_polycomb_nonDE
MA1430.2,MA1430.2	TB1,212,2684,0.9225037257824144,0.6242010499124852,0.9784919067397175,target_vs_polycomb_nonDE
MA1672.2,MA1672.2	GBF2,228,2817,1.0631206286158363,0.7871157833087258,1.0,target_vs_polycomb_nonDE
MA1694.2,MA1694.2	ARF35,190,2391,0.9662902551233793,0.8305053887831759,1.0,target_vs_polycomb_nonDE
MA1698.2,MA1698.2	ARF7,114,1563,0.8404621779308767,0.17985896946556418,0.6725379825094708,target_vs_polycomb_nonDE
MA1744.2,MA1744.2	BZIP30,143,1596,1.2536515469000369,0.08453351104384037,0.6228761223885995,target_vs_polycomb_nonDE
MA1765.2,MA1765.2	MYB121,265,3302,inf,1.0,1.0,target_vs_polycomb_nonDE
MA1776.3,MA1776.3	MYB67,171,2143,0.9847003107594245,0.9466989262628863,1.0,target_vs_polycomb_nonDE
MA1810.2,MA1810.2	GLYMA-08G357600,243,2942,1.3553395958222607,0.21533840975484886,0.7049582246353994,target_vs_polycomb_nonDE
MA1812.2,MA1812.2	ASR1,157,2037,0.9034800632738778,0.4320484561637705,0.8810600035022749,target_vs_polycomb_nonDE
MA1813.2,MA1813.2	EIL4,100,1408,0.8156852617079889,0.1370431482252935,0.6725379825094708,target_vs_polycomb_nonDE
MA1820.2,MA1820.2	Zm00001d024324,93,1299,0.8341479134217734,0.19053969502038912,0.6809326949533429,target_vs_polycomb_nonDE
MA2014.2,MA2014.2	BAM8,212,2675,0.9390654205607477,0.6849429264573458,0.9868441054471606,target_vs_polycomb_nonDE
MA2027.2,MA2027.2	MYB44,155,2025,0.8892929292929292,0.3946483980119404,0.856025340956571,target_vs_polycomb_nonDE
MA2029.2,MA2029.2	MYB88,20,319,0.7636107734629902,0.3261738205347676,0.8253945374008289,target_vs_polycomb_nonDE
MA2032.2,MA2032.2	TRB1,253,3198,0.6922295184490307,0.21269666931316872,0.703659866777575,target_vs_polycomb_nonDE
MA2039.2,MA2039.2	ASIL2,201,2623,0.8141917651544034,0.18133127927753134,0.6749135166470772,target_vs_polycomb_nonDE
MA2040.2,MA2040.2	ENAP2,200,2689,0.7025774522985382,0.022463902821390738,0.4548282417689583,target_vs_polycomb_nonDE
MA2042.2,MA2042.2	MYB58,250,3088,1.160405872193437,0.6965024883957969,0.9868441054471606,target_vs_polycomb_nonDE
MA2053.2,MA2053.2	NAC105,183,2442,0.7868550368550369,0.09558452291726605,0.6228761223885995,target_vs_polycomb_nonDE
MA2079.1,MA2079.1	PK19717.1,215,2619,1.1230240549828179,0.5275872336780068,0.9171982271071857,target_vs_polycomb_nonDE
MA2372.1,MA2372.1	AZF1,174,2029,1.2005914243469689,0.1889371017261686,0.6793799341478132,target_vs_polycomb_nonDE
MA2377.1,MA2377.1	cassava45561.m1,111,1435,0.9382686999411738,0.6522290720195858,0.9784919067397175,target_vs_polycomb_nonDE
MA2380.1,MA2380.1	DOF4.7,250,3095,1.1200861604738825,0.7920714632099985,1.0,target_vs_polycomb_nonDE
MA2418.1,MA2418.1	IG1,123,1669,0.8480324728478721,0.20215104747550966,0.6925282985586966,target_vs_polycomb_nonDE
MA2452.1,MA2452.1	SPL8A,239,3075,0.6815759849906191,0.08187520416523336,0.6228761223885995,target_vs_polycomb_nonDE
MA2453.1,MA2453.1	SPL8B,57,656,1.1057619019699811,0.5231651526891572,0.9171982271071857,target_vs_polycomb_nonDE
MA2499.1,MA2499.1	LSH2,265,3303,,1.0,1.0,target_vs_polycomb_nonDE
MA2618.1,MA2618.1	ereb102,35,478,0.8993541931962888,0.6490997522347666,0.9784919067397175,target_vs_polycomb_nonDE
MA2622.1,MA2622.1	hb34,235,2875,1.166144927536232,0.5041348339914916,0.9168618231586296,target_vs_polycomb_nonDE
MA2641.1,MA2641.1	GLYMA-01G038600,259,3206,1.3060407569141192,0.7021505600294096,0.9871928720162703,target_vs_polycomb_nonDE
MA2643.1,MA2643.1	SNAC23,56,853,0.7695888981753115,0.09251820202804745,0.6228761223885995,target_vs_polycomb_nonDE
MA2648.1,MA2648.1	GLYMA-19G146000,34,413,1.0299466473800614,0.8473396424890163,1.0,target_vs_polycomb_nonDE
MA2651.1,MA2651.1	GLYMA-20G154400,241,2991,1.0474757606151788,0.9131535299839204,1.0,target_vs_polycomb_nonDE
MA2655.1,MA2655.1	GLYMA-08G218600,265,3302,inf,1.0,1.0,target_vs_polycomb_nonDE
MA2658.1,MA2658.1	GLYMA-19G094100,44,474,1.188269660347099,0.31887600981350195,0.8242990801230872,target_vs_polycomb_nonDE
MA2662.1,MA2662.1	GLYMA-13G153200,263,3291,0.479489516864175,0.2792521918954785,0.7707360496315206,target_vs_polycomb_nonDE
MA2665.1,MA2665.1	GLYMA-11G053600,242,3085,0.743513494468325,0.2022769389324175,0.6925282985586966,target_vs_polycomb_nonDE
MA2670.1,MA2670.1	GLYMA-15G168800,218,2701,1.0337857531095653,0.9340291751475343,1.0,target_vs_polycomb_nonDE
MA2725.1,MA2725.1	SlWRKY6,124,1537,1.0104606468343509,0.9490317483431552,1.0,target_vs_polycomb_nonDE
MA2729.1,MA2729.1	vahox1,195,2177,1.440842574972111,0.012194254256949628,0.4306350832444541,target_vs_polycomb_nonDE
MA2743.1,MA2743.1	SlWRKY23,261,3233,1.412774512836375,0.6558448513936626,0.9784919067397175,target_vs_polycomb_nonDE
MA2747.1,MA2747.1	TraesCS6A02G290800,206,2404,1.305691079838687,0.08393473224884222,0.6228761223885995,target_vs_polycomb_nonDE
MA2748.1,MA2748.1	TraesCS6B02G321100,263,3273,1.2053162236480293,1.0,1.0,target_vs_polycomb_nonDE
MA2750.1,MA2750.1	TraesCS7B02G142200,161,2180,0.7974726534932957,0.09275536731498239,0.6228761223885995,target_vs_polycomb_nonDE
MA0001.3,MA0001.3	AGL3,83,1239,0.7597051858553069,0.04730839151569545,0.5988118516641381,target_vs_polycomb_nonDE
MA0123.1,MA0123.1	abi4,172,2279,0.8310002028809089,0.16903771153959324,0.6725379825094708,target_vs_polycomb_nonDE
MA0549.2,MA0549.2	BZR2,58,851,0.807325283695794,0.18700562497118262,0.6793799341478132,target_vs_polycomb_nonDE
MA0550.3,MA0550.3	BZR1,58,700,1.0419185645272602,0.8148540464831262,1.0,target_vs_polycomb_nonDE
MA0563.2,MA0563.2	SEP3,265,3299,inf,1.0,1.0,target_vs_polycomb_nonDE
MA0570.3,MA0570.3	ABF1,184,2332,0.9458526565444805,0.6751066194107757,0.9868441054471606,target_vs_polycomb_nonDE
MA0589.2,MA0589.2	WRKY1,145,1700,1.1393872549019608,0.3379521461560149,0.8253945374008289,target_vs_polycomb_nonDE
MA0960.1,MA0960.1	BHLH104,122,1458,1.0795994129327462,0.5633529711039189,0.9407421712782511,target_vs_polycomb_nonDE
MA0968.3,MA0968.3	BZIP68,255,3192,0.8867481203007519,0.7228996885844845,1.0,target_vs_polycomb_nonDE
MA0976.3,MA0976.3	CRF4,68,935,0.8742039686202123,0.39414850223139086,0.856025340956571,target_vs_polycomb_nonDE
MA1000.3,MA1000.3	ERF105,85,1204,0.8232511997046881,0.16303690232166793,0.6725379825094708,target_vs_polycomb_nonDE
MA1001.4,MA1001.4	ERF076,218,2805,0.8234839003299579,0.24880397538175314,0.7260701949602317,target_vs_polycomb_nonDE
MA1068.3,MA1068.3	TGA2,95,1019,1.2525544074352017,0.09817661512420517,0.6258842246542317,target_vs_polycomb_nonDE
MA1069.3,MA1069.3	TGA6,261,3151,3.147572199301809,0.01221566706289516,0.4306350832444541,target_vs_polycomb_nonDE
MA1070.3,MA1070.3	TGA7,26,313,1.0392075607897657,0.8278444773615581,1.0,target_vs_polycomb_nonDE
MA1087.3,MA1087.3	WRKY45,117,1363,1.1252007693680475,0.3649011404008306,0.8285086142989372,target_vs_polycomb_nonDE
MA1163.3,MA1163.3	PHL11,216,2575,1.24626907073509,0.1890052265408048,0.6793799341478132,target_vs_polycomb_nonDE
MA1174.2,MA1174.2	MYB56,76,920,1.0415688980906372,0.7760982049284567,1.0,target_vs_polycomb_nonDE
MA1176.2,MA1176.2	MYB119,263,3282,0.8414076782449725,0.6869514605771604,0.9868441054471606,target_vs_polycomb_nonDE
MA1181.2,MA1181.2	MYB113,216,2617,1.1555215896064195,0.42977522514788036,0.8810600035022749,target_vs_polycomb_nonDE
MA1240.2,MA1240.2	ERF077,241,3064,0.7832762184508268,0.27138531833293544,0.7565749657899308,target_vs_polycomb_nonDE
MA1243.2,MA1243.2	DREB2E,111,1296,1.11620670995671,0.3965430408246962,0.856025340956571,target_vs_polycomb_nonDE
MA1246.2,MA1246.2	LEP,258,3183,1.3895247071495893,0.49225076519378475,0.9109596045965491,target_vs_polycomb_nonDE
MA1247.2,MA1247.2	ERF087,45,769,0.6740158411159711,0.018260442719547132,0.4306350832444541,target_vs_polycomb_nonDE
MA1252.2,MA1252.2	ERF086,168,2161,0.9152692768239217,0.5031971253950942,0.9168618231586296,target_vs_polycomb_nonDE
MA1261.2,MA1261.2	ERF122,155,1897,1.0443762879187233,0.7472713743843529,1.0,target_vs_polycomb_nonDE
MA1293.2,MA1293.2	MYB57,151,1777,1.137468037003031,0.33683550181991984,0.8253945374008289,target_vs_polycomb_nonDE
MA1296.2,MA1296.2	WRKY46,100,1037,1.324333011893282,0.03961574250002926,0.5839533584872713,target_vs_polycomb_nonDE
MA1299.2,MA1299.2	WRKY17,265,3298,inf,1.0,1.0,target_vs_polycomb_nonDE
MA1301.2,MA1301.2	WRKY33,189,2261,1.1460811471402965,0.37092799747083804,0.8285086142989372,target_vs_polycomb_nonDE
MA1302.2,MA1302.2	WRKY65,264,3218,6.973275326289621,0.01968343189857594,0.4306350832444541,target_vs_polycomb_nonDE
MA1303.2,MA1303.2	WRKY22,138,1617,1.1329817539041387,0.33862339995931445,0.8253945374008289,target_vs_polycomb_nonDE
MA1304.2,MA1304.2	WRKY59,141,1764,0.9920589203423305,0.949086451657313,1.0,target_vs_polycomb_nonDE
MA1308.2,MA1308.2	WRKY70,235,2767,1.5174075412600891,0.035780374542309076,0.5839533584872713,target_vs_polycomb_nonDE
MA1314.2,MA1314.2	WRKY14,248,2999,1.4787674322813487,0.14633890289259904,0.6725379825094708,target_vs_polycomb_nonDE
MA1316.2,MA1316.2	WRKY71,264,3239,5.216424822476073,0.08865853815172202,0.6228761223885995,target_vs_polycomb_nonDE
MA1331.2,MA1331.2	BEH4,122,1529,0.9898512213750932,0.9490343001093582,1.0,target_vs_polycomb_nonDE
MA1332.2,MA1332.2	BEH2,127,1556,1.033256026228531,0.7985218832154337,1.0,target_vs_polycomb_nonDE
MA1333.2,MA1333.2	BEH3,69,904,0.9342322105833484,0.6676804440201691,0.9839438701718536,target_vs_polycomb_nonDE
MA1344.2,MA1344.2	BZIP28,250,3072,1.2532552083333333,0.5276190470315584,0.9171982271071857,target_vs_polycomb_nonDE
MA1346.2,MA1346.2	TGA10,119,1288,1.2751265634306135,0.06720379071633639,0.6228761223885995,target_vs_polycomb_nonDE
MA1349.2,MA1349.2	BZIP16,224,2853,0.8617373239978456,0.4041841729137539,0.8602040238463022,target_vs_polycomb_nonDE
MA1369.2,MA1369.2	HDG1,262,3213,2.446311858076564,0.1571849752036348,0.6725379825094708,target_vs_polycomb_nonDE
MA1372.2,MA1372.2	ZAT10,170,2072,1.0631477342003657,0.6919226846073563,0.9868441054471606,target_vs_polycomb_nonDE
MA1375.2,MA1375.2	ANL2,261,3248,1.1049107142857142,1.0,1.0,target_vs_polycomb_nonDE
MA1383.2,MA1383.2	KAN2,124,1563,0.9790228828902411,0.8983120733069523,1.0,target_vs_polycomb_nonDE
MA1385.2,MA1385.2	AT2G40260,192,2463,0.8970016518445597,0.46442883515954303,0.8978290196942027,target_vs_polycomb_nonDE
MA1391.3,MA1391.3	MYB33,37,516,0.8765044879640963,0.5368407324542179,0.9225021781828228,target_vs_polycomb_nonDE
MA1396.2,MA1396.2	GATA6,146,1865,0.9459886903823191,0.6994166280268912,0.9868441054471606,target_vs_polycomb_nonDE
MA1665.3,MA1665.3	HSFB2A,89,1158,0.936690414507772,0.6879389673361117,0.9868441054471606,target_vs_polycomb_nonDE
MA1688.2,MA1688.2	ARF16,79,1267,0.6825198801673583,0.005632173189509299,0.384701521965291,target_vs_polycomb_nonDE
MA1735.2,MA1735.2	AT2G38300,237,2922,1.1036594309181578,0.6893344900758009,0.9868441054471606,target_vs_polycomb_nonDE
MA1742.2,MA1742.2	BIZP18,261,3267,0.71900826446281,0.5361940435103134,0.9225021781828228,target_vs_polycomb_nonDE
MA1757.2,MA1757.2	HDG7,215,2646,1.067687074829932,0.7488147717608424,1.0,target_vs_polycomb_nonDE
MA1762.2,MA1762.2	MYB10,251,3164,0.7876331948708687,0.42839049558233766,0.8810600035022749,target_vs_polycomb_nonDE
MA1764.2,MA1764.2	MYB116,65,779,1.0530166880616174,0.7078772008767995,0.9936867749397327,target_vs_polycomb_nonDE
MA1770.2,MA1770.2	MYB40,249,3097,1.0351549886987408,1.0,1.0,target_vs_polycomb_nonDE
MA1771.2,MA1771.2	MYB41,165,2136,0.9014747191011236,0.4630865236862323,0.8978290196942027,target_vs_polycomb_nonDE
MA1774.2,MA1774.2	MYB60,237,2975,0.9332052821128451,0.7490393667496905,1.0,target_vs_polycomb_nonDE
MA1781.2,MA1781.2	MYB94,263,3296,0.2792779126213592,0.14000816688469486,0.6725379825094708,target_vs_polycomb_nonDE
MA1785.2,MA1785.2	NAC018,49,584,1.056181823947235,0.7382964039109359,1.0,target_vs_polycomb_nonDE
MA1787.2,MA1787.2	NAC047,244,3111,0.7170868347338936,0.17614767495413802,0.6725379825094708,target_vs_polycomb_nonDE
MA1803.2,MA1803.2	VIP1,121,1519,0.9868700168239338,0.9489617060738478,1.0,target_vs_polycomb_nonDE
MA1808.3,MA1808.3	GLYMA-06G314400,142,1821,0.9395534482527692,0.6534344551008062,0.9784919067397175,target_vs_polycomb_nonDE
MA1814.2,MA1814.2	RIN,258,3218,0.9735416851638107,0.8414908836462922,1.0,target_vs_polycomb_nonDE
MA1817.2,MA1817.2	Zm00001d020267,232,2882,1.026980421845099,1.0,1.0,target_vs_polycomb_nonDE
MA1818.1,MA1818.1	Zm00001d052229,106,1591,0.7173685313220197,0.010565807581439839,0.4306350832444541,target_vs_polycomb_nonDE
MA1821.2,MA1821.2	Zm00001d020595,93,1291,0.8426674832922019,0.2133728915981052,0.703659866777575,target_vs_polycomb_nonDE
MA1831.2,MA1831.2	Zm00001d031796,116,1487,0.9507724665219374,0.7008023357523314,0.9868441054471606,target_vs_polycomb_nonDE
MA1832.2,MA1832.2	Zm00001d002364,260,3229,1.1917002167853825,1.0,1.0,target_vs_polycomb_nonDE
MA2020.2,MA2020.2	HSFB4,254,3216,0.6246607869742198,0.16683858854302183,0.6725379825094708,target_vs_polycomb_nonDE
MA2023.2,MA2023.2	PHL4,193,2329,1.1210223748866943,0.44134141262171495,0.8821196689422739,target_vs_polycomb_nonDE
MA2026.2,MA2026.2	MYB108,216,2655,1.0758906952611553,0.6880301883411564,0.9868441054471606,target_vs_polycomb_nonDE
MA2041.2,MA2041.2	MYB13,253,3127,1.1866538748534272,0.6690873515596284,0.9839438701718536,target_vs_polycomb_nonDE
MA2388.1,MA2388.1	GATA1,109,1494,0.8460379981464319,0.20000860691527356,0.6925282985586966,target_vs_polycomb_nonDE
MA2409.1,MA2409.1	ZmbZIP25,265,3302,inf,1.0,1.0,target_vs_polycomb_nonDE
MA2411.1,MA2411.1	ZmbZIP57,182,2177,1.1341572076085693,0.3809820351927786,0.8438046557232652,target_vs_polycomb_nonDE
MA2412.1,MA2412.1	ZmbZIP72,139,1716,1.0202436452436452,0.898408419419038,1.0,target_vs_polycomb_nonDE
MA2415.1,MA2415.1	EREB138,72,999,0.8603836997619381,0.32943226601143116,0.8253945374008289,target_vs_polycomb_nonDE
MA2416.1,MA2416.1	EREB29,215,2711,0.9389893028402804,0.6783861268612795,0.9868441054471606,target_vs_polycomb_nonDE
MA2417.1,MA2417.1	EREB71,178,2286,0.9102181192868133,0.4903374824962511,0.9106267532073234,target_vs_polycomb_nonDE
MA2419.1,MA2419.1	UB3,197,2562,0.8379081140652983,0.2233931834481118,0.7053987621969672,target_vs_polycomb_nonDE
MA2422.1,MA2422.1	OsbZIP42,175,2226,0.9407756813417191,0.6831072273375871,0.9868441054471606,target_vs_polycomb_nonDE
MA2433.1,MA2433.1	SPL15D,192,2441,0.9287906932371081,0.6115658723752755,0.9727223866473949,target_vs_polycomb_nonDE
MA2454.1,MA2454.1	SPL8D1,223,2544,1.5840914195867026,0.007262356424046877,0.39771218569302214,target_vs_polycomb_nonDE
MA2610.1,MA2610.1	ereb97,178,2316,0.8719254362456078,0.32990176576604535,0.8253945374008289,target_vs_polycomb_nonDE
MA2626.1,MA2626.1	bzip40,199,2613,0.7961938558953484,0.13735407517782056,0.6725379825094708,target_vs_polycomb_nonDE
MA2644.1,MA2644.1	GLYMA-14G030700,11,251,0.5265865671173573,0.03707585006717001,0.5839533584872713,target_vs_polycomb_nonDE
MA2653.1,MA2653.1	GLYMA-03G042700,265,3303,,1.0,1.0,target_vs_polycomb_nonDE
MA2656.1,MA2656.1	GLYMA-14G006800,252,3175,0.7814900060569352,0.41053523944460946,0.8611348511902438,target_vs_polycomb_nonDE
MA2657.1,MA2657.1	GLYMA-14G028900,265,3303,,1.0,1.0,target_vs_polycomb_nonDE
MA2661.1,MA2661.1	GLYMA-03G081700,139,1708,1.030189398163637,0.848095010897183,1.0,target_vs_polycomb_nonDE
MA2672.1,MA2672.1	GLYMA-01G233000,254,3186,0.8479712378017463,0.6049240953060576,0.9727223866473949,target_vs_polycomb_nonDE
MA2716.1,MA2716.1	dreb3,243,3063,0.8654616685958507,0.5398194890633796,0.9258471925236167,target_vs_polycomb_nonDE
MA2719.1,MA2719.1	lat61,139,1597,1.1784695510431265,0.20206811866245988,0.6925282985586966,target_vs_polycomb_nonDE
MA2720.1,MA2720.1	nacnor,110,1419,0.9422355588897224,0.6523139584602373,0.9784919067397175,target_vs_polycomb_nonDE
MA2723.1,MA2723.1	Solyc06g060230,166,2074,0.9936101614018682,1.0,1.0,target_vs_polycomb_nonDE
MA2730.1,MA2730.1	Solyc01g079480,140,1922,0.8047450572320499,0.09301224251539861,0.6228761223885995,target_vs_polycomb_nonDE
MA2735.1,MA2735.1	SlbHLH014,133,1641,1.0204697800675864,0.898471142648853,1.0,target_vs_polycomb_nonDE
MA2737.1,MA2737.1	SlERF36,145,1957,0.8310764776017714,0.15375041426025482,0.6725379825094708,target_vs_polycomb_nonDE
MA2738.1,MA2738.1	Cnr,8,79,1.2703541348569176,0.5311926153063489,0.9215459599439595,target_vs_polycomb_nonDE
MA2740.1,MA2740.1	SlTCP15,26,307,1.0616439289656958,0.7425436058187198,1.0,target_vs_polycomb_nonDE
MA2742.1,MA2742.1	SlWRKY11,262,3249,1.451523545706371,0.7973265105699645,1.0,target_vs_polycomb_nonDE
MA2751.1,MA2751.1	TraesCS2B02G304400,169,1880,1.3324855939716311,0.03298168294531967,0.5689340308067643,target_vs_polycomb_nonDE
MA2753.1,MA2753.1	cpp8,254,3127,1.299648225135913,0.4754505203682042,0.8990543178023315,target_vs_polycomb_nonDE
MA2761.1,MA2761.1	myb100,67,707,1.2424956781392424,0.14155858339326405,0.6725379825094708,target_vs_polycomb_nonDE
MA2762.1,MA2762.1	myb53,123,1488,1.056550999545661,0.7004106353751776,0.9868441054471606,target_vs_polycomb_nonDE
MA0954.3,MA0954.3	ATHB-7,113,1258,1.208502426575182,0.1489387942347964,0.6725379825094708,target_vs_polycomb_nonDE
MA0994.3,MA0994.3	ERF8,25,501,0.5825848303393214,0.011370191589049686,0.4306350832444541,target_vs_polycomb_nonDE
MA1062.3,MA1062.3	TCP15,65,949,0.8061643835616439,0.15691682056573059,0.6725379825094708,target_vs_polycomb_nonDE
MA1065.3,MA1065.3	TCP20,25,386,0.7871869602763385,0.3168998360672025,0.8215582455268227,target_vs_polycomb_nonDE
MA1079.3,MA1079.3	WRKY21,248,3006,1.4413525889397676,0.17607349396605632,0.6725379825094708,target_vs_polycomb_nonDE
MA1094.3,MA1094.3	WRKY8,193,2371,1.053681053470172,0.7764732050229162,1.0,target_vs_polycomb_nonDE
MA1186.2,MA1186.2	YAB4,91,1175,0.9471655661530937,0.7387371934375067,1.0,target_vs_polycomb_nonDE
MA1192.2,MA1192.2	DIV1,243,2945,1.342707207902454,0.21518773627591337,0.7049582246353994,target_vs_polycomb_nonDE
MA1208.2,MA1208.2	GT-2,265,3290,inf,0.6168346404844001,0.9727223866473949,target_vs_polycomb_nonDE
MA1214.2,MA1214.2	ATHB-40,221,2596,1.3678999159546155,0.07140402514099009,0.6228761223885995,target_vs_polycomb_nonDE
MA1235.1,MA1235.1	AIL7,65,781,1.0494878361075544,0.764009555847615,1.0,target_vs_polycomb_nonDE
MA1242.1,MA1242.1	DREB2F,17,313,0.6548232505410698,0.12168507154278976,0.6725379825094708,target_vs_polycomb_nonDE
MA1256.2,MA1256.2	RAP2-12,224,2778,1.032502765632408,0.9304015773888203,1.0,target_vs_polycomb_nonDE
MA1266.2,MA1266.2	RAP2-11,156,1987,0.9478860298361367,0.6959546677187354,0.9868441054471606,target_vs_polycomb_nonDE
MA1273.2,MA1273.2	DOF4.2,181,2294,0.9477570888861211,0.7291682726870838,1.0,target_vs_polycomb_nonDE
MA1277.2,MA1277.2	DOF1.7,173,2137,1.0260116782974915,0.8937465795956546,1.0,target_vs_polycomb_nonDE
MA1282.2,MA1282.2	TCP13,135,1772,0.8972260809168259,0.40590647319633943,0.8602040238463022,target_vs_polycomb_nonDE
MA1284.2,MA1284.2	TCP1,183,2400,0.8396798780487805,0.22457911337971162,0.7053987621969672,target_vs_polycomb_nonDE
MA1285.2,MA1285.2	TCP9,68,970,0.8302056622533884,0.20669325270925204,0.6978722329407823,target_vs_polycomb_nonDE
MA1287.2,MA1287.2	TCP21,156,2050,0.8747728798388902,0.32430170584025586,0.8253945374008289,target_vs_polycomb_nonDE
MA1288.2,MA1288.2	TCP22,229,2933,0.8024586127211426,0.2289618145928246,0.710653106192954,target_vs_polycomb_nonDE
MA1290.1,MA1290.1	TCP17,166,2120,0.9356680007623404,0.6414757512928677,0.9784919067397175,target_vs_polycomb_nonDE
MA1291.1,MA1291.1	TCP7,106,1391,0.9163671219745986,0.518251274149769,0.9171982271071857,target_vs_polycomb_nonDE
MA1297.2,MA1297.2	WRKY26,263,3279,0.9624885635864593,1.0,1.0,target_vs_polycomb_nonDE
MA1306.2,MA1306.2	WRKY11,262,3254,1.315099364884245,1.0,1.0,target_vs_polycomb_nonDE
MA1309.1,MA1309.1	WRKY3,112,1207,1.2711903872291805,0.06439587994571871,0.6228761223885995,target_vs_polycomb_nonDE
MA1313.2,MA1313.2	WRKY7,236,2850,1.293502722323049,0.22503309308701722,0.7053987621969672,target_vs_polycomb_nonDE
MA1315.2,MA1315.2	WRKY24,226,2714,1.2576195604935472,0.2096471915723651,0.6978722329407823,target_vs_polycomb_nonDE
MA1318.2,MA1318.2	WRKY27,264,3296,0.5606796116504854,0.46099103417421006,0.8969825545645692,target_vs_polycomb_nonDE
MA1335.1,MA1335.1	TGA4,128,1489,1.138235135519356,0.33611581122353806,0.8253945374008289,target_vs_polycomb_nonDE
MA1336.2,MA1336.2	TGA3,203,2322,1.3832833208302076,0.029634688172737095,0.5471085076844024,target_vs_polycomb_nonDE
MA1338.3,MA1338.3	DPBF3,107,1383,0.9401685933166753,0.6509640275570222,0.9784919067397175,target_vs_polycomb_nonDE
MA1348.1,MA1348.1	TGA9,214,2537,1.2669278984751173,0.14922908751582975,0.6725379825094708,target_vs_polycomb_nonDE
MA1353.2,MA1353.2	AT1G72740,244,3135,0.6226475279106858,0.06188042277090838,0.6228761223885995,target_vs_polycomb_nonDE
MA1355.2,MA1355.2	TRB2,215,2780,0.8089568345323741,0.19282720436466197,0.6836600882019833,target_vs_polycomb_nonDE
MA1666.3,MA1666.3	HSFB2B,225,2928,0.7204149590163934,0.07287923658341486,0.6228761223885995,target_vs_polycomb_nonDE
MA1685.2,MA1685.2	ARF10,197,2390,1.1067007137583067,0.5202668909919457,0.9171982271071857,target_vs_polycomb_nonDE
MA1696.2,MA1696.2	ARF39,12,184,0.8040041244200035,0.5750751043764895,0.951738687501312,target_vs_polycomb_nonDE
MA1746.1,MA1746.1	BZIP69,139,1696,1.0452839547768793,0.7496880530795429,1.0,target_vs_polycomb_nonDE
MA1754.2,MA1754.2	ERF073,217,2659,1.094929171367682,0.6284878964321235,0.9784919067397175,target_vs_polycomb_nonDE
MA1766.2,MA1766.2	MYB17,190,2404,0.947365501941209,0.7201908626042739,1.0,target_vs_polycomb_nonDE
MA1773.2,MA1773.2	MYB51,154,1926,0.9919171507956555,0.948476102054165,1.0,target_vs_polycomb_nonDE
MA1777.2,MA1777.2	MYB74,209,2650,0.9196563342318059,0.5762250054272571,0.9518855062030379,target_vs_polycomb_nonDE
MA1833.2,MA1833.2	Zm00001d049364,72,1078,0.7699924058177204,0.07551896660341663,0.6228761223885995,target_vs_polycomb_nonDE
MA2013.2,MA2013.2	ERF115,220,2747,0.9895239250899972,0.9321199394885578,1.0,target_vs_polycomb_nonDE
MA2024.2,MA2024.2	MYB63,137,1685,1.0277540801186944,0.8482426724949468,1.0,target_vs_polycomb_nonDE
MA2028.2,MA2028.2	MYB49,263,3285,0.7205479452054795,0.656691335403913,0.9784919067397175,target_vs_polycomb_nonDE
MA2030.2,MA2030.2	MYB96,264,3272,2.5012224938875307,0.5110712503671291,0.9168618231586296,target_vs_polycomb_nonDE
MA2375.1,MA2375.1	BMY2,265,3293,inf,1.0,1.0,target_vs_polycomb_nonDE
MA2413.1,MA2413.1	ZmbZIP96,232,2923,0.9139634456090152,0.6183996768132225,0.9731658071955448,target_vs_polycomb_nonDE
MA2434.1,MA2434.1	SPL16A,194,2578,0.7684196724177493,0.0774603587136154,0.6228761223885995,target_vs_polycomb_nonDE
MA2449.1,MA2449.1	SPL6A,78,1090,0.8468527694647501,0.24783344047631617,0.7260701949602317,target_vs_polycomb_nonDE
MA2450.1,MA2450.1	SPL7A,174,2307,0.8255047942954314,0.16529844572337377,0.6725379825094708,target_vs_polycomb_nonDE
MA2500.1,MA2500.1	LSH3,58,671,1.0990590149535266,0.527258641511462,0.9171982271071857,target_vs_polycomb_nonDE
MA2617.1,MA2617.1	ereb54,116,1507,0.927822287935941,0.5648002563523309,0.9407421712782511,target_vs_polycomb_nonDE
MA2640.1,MA2640.1	GLYMA-19G062000,59,866,0.8059765914033947,0.1666779261713211,0.6725379825094708,target_vs_polycomb_nonDE
MA2650.1,MA2650.1	GLYMA-05G027400,205,2757,0.6766412767500907,0.01349574409675908,0.4306350832444541,target_vs_polycomb_nonDE
MA2663.1,MA2663.1	GLYMA-02G261700,66,740,1.148702974331115,0.3596299059152841,0.8285086142989372,target_vs_polycomb_nonDE
MA2708.1,MA2708.1	SlDof4,265,3303,,1.0,1.0,target_vs_polycomb_nonDE
MA2724.1,MA2724.1	SlTCP18,195,2626,0.7181753889674681,0.027720411736290758,0.5290470069670811,target_vs_polycomb_nonDE
MA2739.1,MA2739.1	SlTCP12,257,3166,1.390121604548326,0.5157426214971099,0.9171982271071857,target_vs_polycomb_nonDE
MA2746.1,MA2746.1	HB-HD-ZIP-2A-2,248,3084,1.0359349965667202,1.0,1.0,target_vs_polycomb_nonDE
MA2756.1,MA2756.1	dfo23,265,3298,inf,1.0,1.0,target_vs_polycomb_nonDE
MA0097.1,MA0097.1	bZIP911,76,925,1.0337651937651937,0.8312470489118287,1.0,target_vs_polycomb_nonDE
MA0551.2,MA0551.2	HY5,82,1049,0.9628113165283616,0.836984661249012,1.0,target_vs_polycomb_nonDE
MA0576.2,MA0576.2	RAX3,105,1507,0.782100199071002,0.06283340883143168,0.6228761223885995,target_vs_polycomb_nonDE
MA1156.2,MA1156.2	JKD,238,2927,1.1323438231535259,0.6146355934397583,0.9727223866473949,target_vs_polycomb_nonDE
MA1157.2,MA1157.2	NUC,132,1660,0.9823172388803334,0.8985523368680024,1.0,target_vs_polycomb_nonDE
MA1166.2,MA1166.2	PHL12,256,3244,0.5173311412522263,0.09476631909670394,0.6228761223885995,target_vs_polycomb_nonDE
MA1170.2,MA1170.2	MYB118,237,2902,1.1695997834006104,0.49291291889837896,0.9109596045965491,target_vs_polycomb_nonDE
MA1180.2,MA1180.2	MYB3R4,7,148,0.5783836161743139,0.20789017454501474,0.6978722329407823,target_vs_polycomb_nonDE
MA1244.2,MA1244.2	ABR1,218,2689,1.0590981381989666,0.8053004233754637,1.0,target_vs_polycomb_nonDE
MA1292.2,MA1292.2	MYB27,155,1806,1.1680006040471156,0.24818314551106252,0.7260701949602317,target_vs_polycomb_nonDE
MA1330.2,MA1330.2	ZHD6,223,2761,1.0422897155964885,0.8632667478579619,1.0,target_vs_polycomb_nonDE
MA1339.1,MA1339.1	BZIP43,222,2721,1.1042793774518602,0.6147135749648185,0.9727223866473949,target_vs_polycomb_nonDE
MA1345.2,MA1345.2	BZIP48,240,3044,0.8168199737187911,0.34566042136539743,0.8285086142989372,target_vs_polycomb_nonDE
MA1350.1,MA1350.1	BZIP42,156,2000,0.9324220183486238,0.6018128620931928,0.9727223866473949,target_vs_polycomb_nonDE
MA1362.2,MA1362.2	bHLH77,191,2420,0.941774625865535,0.665986367001796,0.9839438701718536,target_vs_polycomb_nonDE
MA1368.3,MA1368.3	GT-4,223,2698,1.1906085636626778,0.36188505969457485,0.8285086142989372,target_vs_polycomb_nonDE
MA1387.2,MA1387.2	HRS1,236,2980,0.8820643369590373,0.521129892668811,0.9171982271071857,target_vs_polycomb_nonDE
MA1389.2,MA1389.2	PHL1,247,3024,1.2660383597883598,0.4180876513793664,0.8701267361654099,target_vs_polycomb_nonDE
MA1417.2,MA1417.2	O2,251,3118,1.0637542380646934,1.0,1.0,target_vs_polycomb_nonDE
MA1682.2,MA1682.2	TCX3,211,2420,1.425719314355678,0.024380984286242302,0.4754291935817249,target_vs_polycomb_nonDE
MA1690.2,MA1690.2	ARF25,200,2426,1.1123089606189358,0.5146832860807702,0.9171982271071857,target_vs_polycomb_nonDE
MA1695.2,MA1695.2	ARF36,237,3007,0.8331987267803697,0.3741731303052981,0.832836967453728,target_vs_polycomb_nonDE
MA1761.2,MA1761.2	HSFB3,232,2919,0.9248497306051263,0.6908539137170444,0.9868441054471606,target_vs_polycomb_nonDE
MA1768.2,MA1768.2	MYB30,178,2221,0.9967344108225041,1.0,1.0,target_vs_polycomb_nonDE
MA1769.2,MA1769.2	MYB39,240,3042,0.8236686390532545,0.3488511262237508,0.8285086142989372,target_vs_polycomb_nonDE
MA1772.2,MA1772.2	MYB43,229,2930,0.8097933257489571,0.26978415084494806,0.756238697837245,target_vs_polycomb_nonDE
MA1778.2,MA1778.2	MYB80,182,2321,0.9277471800169225,0.577505859152883,0.9522477126105441,target_vs_polycomb_nonDE
MA1811.3,MA1811.3	GLYMA-13G317000,172,2248,0.867963877090269,0.30537659494855207,0.8008828608228206,target_vs_polycomb_nonDE
MA2104.1,MA2104.1	IDD11,36,406,1.1217329576010497,0.5605553183037953,0.9407421712782511,target_vs_polycomb_nonDE
MA2396.1,MA2396.1	IDD1,265,3303,,1.0,1.0,target_vs_polycomb_nonDE
MA2408.1,MA2408.1	BAD1,231,2886,0.9816864375687905,0.923446627597148,1.0,target_vs_polycomb_nonDE
MA2423.1,MA2423.1	OsbZIP69,168,2253,0.8071711944211841,0.11579186225852617,0.6725379825094708,target_vs_polycomb_nonDE
MA2424.1,MA2424.1	OsbZIP77,114,1432,0.9864127418698435,0.9486703133275878,1.0,target_vs_polycomb_nonDE
MA2425.1,MA2425.1	SPL11A,3,24,1.564408396946565,0.4480980112661705,0.8872934130369865,target_vs_polycomb_nonDE
MA2441.1,MA2441.1	SPL3A,224,2935,0.6850209830888769,0.04426600018640549,0.5839533584872713,target_vs_polycomb_nonDE
MA2445.1,MA2445.1	SPL4D,0,1,0.0,1.0,1.0,target_vs_polycomb_nonDE
MA2505.1,MA2505.1	bZIP59,131,1732,0.886736927372376,0.3710146968624677,0.8285086142989372,target_vs_polycomb_nonDE
MA2614.1,MA2614.1	ereb198,39,615,0.7542413123246277,0.1175757579393664,0.6725379825094708,target_vs_polycomb_nonDE
MA2639.1,MA2639.1	FUL::SOC1,153,1955,0.9419254658385093,0.6499065650885256,0.9784919067397175,target_vs_polycomb_nonDE
MA2642.1,MA2642.1	GLYMA-10G230700,265,3258,inf,0.07609973579648605,0.6228761223885995,target_vs_polycomb_nonDE
MA2667.1,MA2667.1	GLYMA-13G236500,102,1414,0.8359785145911611,0.17560168730282127,0.6725379825094708,target_vs_polycomb_nonDE
MA2669.1,MA2669.1	GLYMA-04G231400,245,3024,1.1302083333333333,0.7292740908960058,1.0,target_vs_polycomb_nonDE
MA2728.1,MA2728.1	SolycHsfC1,243,3091,0.7575659539425311,0.24441584402371613,0.7260701949602317,target_vs_polycomb_nonDE
MA2732.1,MA2732.1	Sl-ERF_C_4,83,1228,0.7705954468983784,0.06355207696949806,0.6228761223885995,target_vs_polycomb_nonDE
MA2741.1,MA2741.1	SlWRKY7,248,3087,1.0207511576058994,1.0,1.0,target_vs_polycomb_nonDE
MA0082.2,MA0082.2	squamosa,180,2246,0.9965952543083129,1.0,1.0,target_vs_polycomb_nonDE
MA0554.2,MA0554.2	SOC1,257,3178,1.2635698552548773,0.6159956855391029,0.9727223866473949,target_vs_polycomb_nonDE
MA0556.2,MA0556.2	AP3,262,3295,0.2120384420839656,0.04276344706858413,0.5839533584872713,target_vs_polycomb_nonDE
MA0574.1,MA0574.1	MYB15,134,1775,0.8805590796688528,0.3371878090936423,0.8253945374008289,target_vs_polycomb_nonDE
MA0584.2,MA0584.2	SEP1,183,2452,0.7745444236660963,0.06933164217515853,0.6228761223885995,target_vs_polycomb_nonDE
MA0940.1,MA0940.1	AP1,265,3303,,1.0,1.0,target_vs_polycomb_nonDE
MA1026.3,MA1026.3	ATHB-15,144,1690,1.1358599442515527,0.33823250815441525,0.8253945374008289,target_vs_polycomb_nonDE
MA1158.2,MA1158.2	MGP,263,3298,0.19936325045482112,0.09000780557727486,0.6228761223885995,target_vs_polycomb_nonDE
MA1159.2,MA1159.2	SGR5,252,3148,0.9544521552145441,0.8797961769938405,1.0,target_vs_polycomb_nonDE
MA1169.1,MA1169.1	MYB105,82,1071,0.9338292694126831,0.6821633862388696,0.9868441054471606,target_vs_polycomb_nonDE
MA1193.2,MA1193.2	AT2G38090,188,2428,0.8798861764265389,0.3863344877149615,0.8477914696062654,target_vs_polycomb_nonDE
MA1228.2,MA1228.2	ERF091,42,658,0.7570842476862895,0.12622081943578695,0.6725379825094708,target_vs_polycomb_nonDE
MA1262.2,MA1262.2	ERF2,207,2654,0.8727425096795988,0.37869329022193193,0.8408115874482003,target_vs_polycomb_nonDE
MA1264.2,MA1264.2	ERF095,186,2333,0.9789101878930263,0.8886199972858648,1.0,target_vs_polycomb_nonDE
MA1269.2,MA1269.2	DOF4.5,244,3127,0.653966223521708,0.09141955828596493,0.6228761223885995,target_vs_polycomb_nonDE
MA1334.2,MA1334.2	BZIP11,176,2160,1.046441947565543,0.7883270375471069,1.0,target_vs_polycomb_nonDE
MA1337.2,MA1337.2	BZIP44,186,2361,0.9393788300387628,0.6717990632437358,0.9862581992301654,target_vs_polycomb_nonDE
MA1340.2,MA1340.2	BZIP3,248,3143,0.74264004042597,0.2408348827588191,0.7260701949602317,target_vs_polycomb_nonDE
MA1341.2,MA1341.2	BZIP53,90,1090,1.0441415465268675,0.7861008003231378,1.0,target_vs_polycomb_nonDE
MA1384.1,MA1384.1	PHL7,134,1693,0.9727526456040364,0.848206248043563,1.0,target_vs_polycomb_nonDE
MA1400.2,MA1400.2	AT1G19000,87,1094,0.986910215064807,0.9460136540875115,1.0,target_vs_polycomb_nonDE
MA1743.2,MA1743.2	BZIP2,209,2688,0.8538942920918368,0.32672807740784543,0.8253945374008289,target_vs_polycomb_nonDE
MA1747.2,MA1747.2	DOF4.3,224,2772,1.0465631929046564,0.8619745347205232,1.0,target_vs_polycomb_nonDE
MA1760.1,MA1760.1	HSFA6A,258,3279,0.26976865769180497,0.006433135818817575,0.384701521965291,target_vs_polycomb_nonDE
MA2022.2,MA2022.2	LOB,176,2260,0.9126379636074377,0.4935633978081638,0.9109596045965491,target_vs_polycomb_nonDE
MA2367.1,MA2367.1	WIP5,255,3165,1.1118483412322275,0.8732716799469913,1.0,target_vs_polycomb_nonDE
MA2428.1,MA2428.1	SPL13B,50,731,0.8182483377342283,0.24662122965351396,0.7260701949602317,target_vs_polycomb_nonDE
MA2430.1,MA2430.1	SPL14B,118,1519,0.942761304653527,0.6544356059412542,0.9784919067397175,target_vs_polycomb_nonDE
MA2435.1,MA2435.1	SPL16D,116,1610,0.8186585518362582,0.12540638205865628,0.6725379825094708,target_vs_polycomb_nonDE
MA2437.1,MA2437.1	SPL19B,34,416,1.021457708957709,0.9233444063369047,1.0,target_vs_polycomb_nonDE
MA2439.1,MA2439.1	SPL2A,49,674,0.8848568524013628,0.525047964625327,0.9171982271071857,target_vs_polycomb_nonDE
MA2440.1,MA2440.1	SPL2B,59,858,0.8161619933464593,0.18934780773350424,0.6793799341478132,target_vs_polycomb_nonDE
MA2443.1,MA2443.1	SPL3D,21,271,0.9629181537717016,1.0,1.0,target_vs_polycomb_nonDE
MA2444.1,MA2444.1	SPL4A,60,858,0.8340440047757121,0.24334210005245685,0.7260701949602317,target_vs_polycomb_nonDE
MA2446.1,MA2446.1	SPL5A,137,1678,1.0365064436829559,0.7985998851614134,1.0,target_vs_polycomb_nonDE
MA2759.1,MA2759.1	ereb7,99,1387,0.8238462139835477,0.15421667225398078,0.6725379825094708,target_vs_polycomb_nonDE
MA0558.2,MA0558.2	FLC,218,2793,0.8469502022533537,0.33303102258491657,0.8253945374008289,target_vs_polycomb_nonDE
MA0559.1,MA0559.1	PI,256,3197,0.9431063844576513,0.855890433639175,1.0,target_vs_polycomb_nonDE
MA0580.1,MA0580.1	DYT1,253,3138,1.1085882727852134,0.8829887638203158,1.0,target_vs_polycomb_nonDE
MA1012.1,MA1012.1	AGL27,205,2673,0.8052749719416387,0.16908716503553822,0.6725379825094708,target_vs_polycomb_nonDE
MA1172.2,MA1172.2	MYB3R5,126,1566,1.0054577028032745,1.0,1.0,target_vs_polycomb_nonDE
MA1188.1,MA1188.1	At3g11280,234,2854,1.187535321111287,0.45379545269848715,0.8946253210341604,target_vs_polycomb_nonDE
MA1189.2,MA1189.2	AT5G61620,167,1995,1.1172625441153905,0.43317695359267705,0.8810600035022749,target_vs_polycomb_nonDE
MA1194.2,MA1194.2	AT3G10580,159,2008,0.9673804780876494,0.7941340249209218,1.0,target_vs_polycomb_nonDE
MA1195.2,MA1195.2	AT5G56840,265,3282,inf,0.39812611174730006,0.8564007727513865,target_vs_polycomb_nonDE
MA1196.2,MA1196.2	AT5G05790,106,1434,0.8688981868898187,0.3025171924958905,0.7990553176418266,target_vs_polycomb_nonDE
MA1226.2,MA1226.2	DREB2G,205,2620,0.8906806615776082,0.4328976085225902,0.8810600035022749,target_vs_polycomb_nonDE
MA1250.2,MA1250.2	DREB2D,223,2833,0.8808599331013732,0.46647528617123607,0.8990422812213988,target_vs_polycomb_nonDE
MA1370.2,MA1370.2	IDD5,53,606,1.1126237623762376,0.5105087741821345,0.9168618231586296,target_vs_polycomb_nonDE
MA1374.2,MA1374.2	IDD7,265,3303,,1.0,1.0,target_vs_polycomb_nonDE
MA1416.1,MA1416.1	RAMOSA1,233,3112,0.44688905848329047,0.00018771388263907963,0.08418967636362722,target_vs_polycomb_nonDE
MA1686.1,MA1686.1	ARF13,137,1836,0.8552006740196079,0.22315698932845504,0.7053987621969672,target_vs_polycomb_nonDE
MA1753.2,MA1753.2	ERF057,241,3054,0.8187213490504257,0.3992905418825752,0.8568507561451433,target_vs_polycomb_nonDE
MA1758.2,MA1758.2	HSFA1E,112,1570,0.8080263103118105,0.1097390006599444,0.6725379825094708,target_vs_polycomb_nonDE
MA1759.2,MA1759.2	HSFA4A,179,2324,0.8768012248328864,0.32971777077643516,0.8253945374008289,target_vs_polycomb_nonDE
MA2344.1,MA2344.1	REV,205,2646,0.8483560090702947,0.3000870414756117,0.7990553176418266,target_vs_polycomb_nonDE
MA2427.1,MA2427.1	SPL12B,34,407,1.0472999563908654,0.7716676457742213,1.0,target_vs_polycomb_nonDE
MA2431.1,MA2431.1	SPL15A,64,990,0.7439167797376752,0.049887080202641126,0.6215098741912374,target_vs_polycomb_nonDE
MA2436.1,MA2436.1	SPL18A,85,1213,0.8136392781899789,0.1442274887120381,0.6725379825094708,target_vs_polycomb_nonDE
MA2438.1,MA2438.1	SPL1D,103,1387,0.8782967057420313,0.33215357944599055,0.8253945374008289,target_vs_polycomb_nonDE
MA2442.1,MA2442.1	SPL3B,140,1833,0.8981996726677578,0.4046300128573494,0.8602040238463022,target_vs_polycomb_nonDE
MA2448.1,MA2448.1	SPL5D,62,968,0.736728005536783,0.04116658351151911,0.5839533584872713,target_vs_polycomb_nonDE
MA2455.1,MA2455.1	SPL9D,7,93,0.9364841210302576,1.0,1.0,target_vs_polycomb_nonDE
MA2608.1,MA2608.1	glk53,202,2513,1.0079649315622257,1.0,1.0,target_vs_polycomb_nonDE
MA2613.1,MA2613.1	ereb34,144,1975,0.8002175959828434,0.0908703859363115,0.6228761223885995,target_vs_polycomb_nonDE
MA2616.1,MA2616.1	ereb17,61,840,0.8767682072829132,0.4191341031339253,0.8702853947016921,target_vs_polycomb_nonDE
MA2714.1,MA2714.1	APETALA2a,249,3092,1.0619946636481241,1.0,1.0,target_vs_polycomb_nonDE
MA0573.2,MA0573.2	ATHB-9,180,2289,0.9380926682599645,0.6291161797461104,0.9784919067397175,target_vs_polycomb_nonDE
MA1161.1,MA1161.1	TSO1,259,3165,1.8821484992101105,0.14478298798168993,0.6725379825094708,target_vs_polycomb_nonDE
MA1162.1,MA1162.1	TCX2,265,3300,inf,1.0,1.0,target_vs_polycomb_nonDE
MA1199.1,MA1199.1	AGL16,260,3210,1.5065420560747664,0.5549650111242823,0.9407421712782511,target_vs_polycomb_nonDE
MA1203.1,MA1203.1	AGL63,229,2968,0.7179825546570829,0.09319440774878751,0.6228761223885995,target_vs_polycomb_nonDE
MA1221.1,MA1221.1	RAP2-6,215,2573,1.2199766809172172,0.2465402758336186,0.7260701949602317,target_vs_polycomb_nonDE
MA1222.1,MA1222.1	ERF014,206,2627,0.8984663823527514,0.4780693095857088,0.8990543178023315,target_vs_polycomb_nonDE
MA1225.1,MA1225.1	ERF5,35,683,0.5837418040613661,0.003113575977845719,0.279287765212761,target_vs_polycomb_nonDE
MA1328.1,MA1328.1	ZHD9,249,3009,1.5205633100697906,0.13932054919191453,0.6725379825094708,target_vs_polycomb_nonDE
MA1361.2,MA1361.2	bHLH18,177,2060,1.2136529126213593,0.1656640612520352,0.6725379825094708,target_vs_polycomb_nonDE
MA1363.1,MA1363.1	LRL2,186,2485,0.7750197386852762,0.07710235825205403,0.6228761223885995,target_vs_polycomb_nonDE
MA1371.2,MA1371.2	IDD4,156,1915,1.0373344192397058,0.7961142048976888,1.0,target_vs_polycomb_nonDE
MA1373.1,MA1373.1	GAF1,231,2939,0.8414626823849649,0.3616518145481638,0.8285086142989372,target_vs_polycomb_nonDE
MA1379.1,MA1379.1	SOL1,253,3008,2.067680629432624,0.011862753157829947,0.4306350832444541,target_vs_polycomb_nonDE
MA1380.1,MA1380.1	TCX6,254,3013,2.2224904202999123,0.007786912902696324,0.39771218569302214,target_vs_polycomb_nonDE
MA1732.1,MA1732.1	E2FD,95,1211,0.9653664934181765,0.8424607016029964,1.0,target_vs_polycomb_nonDE
MA1738.1,MA1738.1	ATMYB31,227,2874,0.891687726623448,0.5084841687936513,0.9168618231586296,target_vs_polycomb_nonDE
MA1749.1,MA1749.1	E2FC,230,2942,0.8063513644750898,0.26314347394839643,0.7493323686721003,target_vs_polycomb_nonDE
MA1750.1,MA1750.1	E2FE,231,3030,0.6121432731508445,0.016149391049795243,0.4306350832444541,target_vs_polycomb_nonDE
MA1789.1,MA1789.1	NAC071,265,3295,inf,1.0,1.0,target_vs_polycomb_nonDE
MA1790.1,MA1790.1	NAC073,222,2757,1.0224460358832907,1.0,1.0,target_vs_polycomb_nonDE
MA2005.2,MA2005.2	NAC016,237,2921,1.1069350026898812,0.6892985375750238,0.9868441054471606,target_vs_polycomb_nonDE
MA2371.1,MA2371.1	MYB31,226,2848,0.9257958801498127,0.6446190138903971,0.9784919067397175,target_vs_polycomb_nonDE
MA2426.1,MA2426.1	SPL11B,73,1057,0.8078977451907915,0.14940573932088208,0.6725379825094708,target_vs_polycomb_nonDE
MA2429.1,MA2429.1	SPL13D,104,1419,0.8576418525862408,0.24597855902681443,0.7260701949602317,target_vs_polycomb_nonDE
MA2451.1,MA2451.1	SPL7B,202,2632,0.8174241327736769,0.179943272912233,0.6725379825094708,target_vs_polycomb_nonDE
MA2619.1,MA2619.1	ereb18,94,1288,0.8599851076967782,0.26590327916626166,0.7522307105250519,target_vs_polycomb_nonDE
MA2634.1,MA2634.1	EIN3,248,3145,0.7328906761432713,0.23608768843884392,0.7252419744165856,target_vs_polycomb_nonDE
MA2709.1,MA2709.1	SolycHsfA2,148,1797,1.0601144357404793,0.6543227393520916,0.9784919067397175,target_vs_polycomb_nonDE
MA2715.1,MA2715.1	Solyc03g124110,193,2339,1.104769369626146,0.5269346767137119,0.9171982271071857,target_vs_polycomb_nonDE
MA2722.1,MA2722.1	Sl-ERF_F_2,109,1658,0.6932394605796295,0.004906386260062251,0.3667523729396533,target_vs_polycomb_nonDE
MA2752.1,MA2752.1	TaOBF1b,145,1942,0.8468288705801579,0.19576913394511675,0.6886467182304695,target_vs_polycomb_nonDE
MA0005.3,MA0005.3	AG,184,2290,1.0048627958380505,1.0,1.0,target_vs_polycomb_nonDE
MA0548.3,MA0548.3	AGL15,264,3300,0.24,0.26569534938953315,0.7522307105250519,target_vs_polycomb_nonDE
MA0555.2,MA0555.2	SVP,264,3276,2.1758241758241756,0.7185803465690668,1.0,target_vs_polycomb_nonDE
MA0571.2,MA0571.2	ANT,143,1700,1.1052507232401156,0.4439605034966931,0.8821196689422739,target_vs_polycomb_nonDE
MA0578.1,MA0578.1	SPL8,19,142,1.7193118057941144,0.04341001065071977,0.5839533584872713,target_vs_polycomb_nonDE
MA0585.2,MA0585.2	AGL1,258,3252,0.5780179230363732,0.19829743447558545,0.6925282985586966,target_vs_polycomb_nonDE
MA1160.2,MA1160.2	IDD6,265,3302,inf,1.0,1.0,target_vs_polycomb_nonDE
MA1239.2,MA1239.2	ERF104,169,2173,0.9154490719435496,0.5022389112113251,0.9168618231586296,target_vs_polycomb_nonDE
MA1270.2,MA1270.2	DOF3.2,263,3272,1.2458740831295843,1.0,1.0,target_vs_polycomb_nonDE
MA1279.2,MA1279.2	DOF1.5,251,3135,0.9607655502392345,0.8843266544126399,1.0,target_vs_polycomb_nonDE
MA1377.2,MA1377.2	PLT1,112,1468,0.9150326797385621,0.5206230799207294,0.9171982271071857,target_vs_polycomb_nonDE
MA1687.1,MA1687.1	ARF14,8,128,0.7721303501945526,0.6164661570377719,0.9727223866473949,target_vs_polycomb_nonDE
MA1734.1,MA1734.1	AT1G19040,263,3261,1.6936522539098435,0.769463690474956,1.0,target_vs_polycomb_nonDE
MA1741.1,MA1741.1	BRN2,103,1278,1.007433489827856,0.9478551424389076,1.0,target_vs_polycomb_nonDE
MA1792.1,MA1792.1	NAC098,161,1992,1.018839782205746,0.8963962191913657,1.0,target_vs_polycomb_nonDE
MA1830.2,MA1830.2	Zm00001d015407,169,2238,0.8377317917783735,0.1954115588613128,0.6886467182304695,target_vs_polycomb_nonDE
MA2348.1,MA2348.1	IDD6,224,2809,0.9608141079630803,0.7890272775791054,1.0,target_vs_polycomb_nonDE
MA2376.1,MA2376.1	CAMTA5,253,3234,0.44982993197278914,0.01697753420810743,0.4306350832444541,target_vs_polycomb_nonDE
MA2387.1,MA2387.1	NAC094,180,2331,0.8830342947990006,0.3639965541381114,0.8285086142989372,target_vs_polycomb_nonDE
MA2635.1,MA2635.1	FUL,262,3251,1.396903516866605,0.7957893319938236,1.0,target_vs_polycomb_nonDE
MA2637.1,MA2637.1	FUL::AG::SEP3,259,3158,1.9820033776651889,0.11197063260517046,0.6725379825094708,target_vs_polycomb_nonDE
MA2638.1,MA2638.1	FUL::SEP3,134,1796,0.8583025892993761,0.24889678964844714,0.7260701949602317,target_vs_polycomb_nonDE
MA2660.1,MA2660.1	GLYMA-12G168700,259,3191,1.5150945367178523,0.47230155764748555,0.8990543178023315,target_vs_polycomb_nonDE
MA1278.2,MA1278.2	DOF3.4,244,2982,1.2507425505413432,0.3861641701506096,0.8477914696062654,target_vs_polycomb_nonDE
MA2460.1,MA2460.1	MGH6.1,258,3242,0.6934872653564819,0.3468988337264186,0.8285086142989372,target_vs_polycomb_nonDE
MA2472.1,MA2472.1	AT3G12910,117,1565,0.8779293670667473,0.3374697419316808,0.8253945374008289,target_vs_polycomb_nonDE
MA2666.1,MA2666.1	GLYMA-12G117000,122,1789,0.7220035414557494,0.012429595456526894,0.4306350832444541,target_vs_polycomb_nonDE
MA2718.1,MA2718.1	Sl-ERF_A_3,46,728,0.7429499724020272,0.08797144763374026,0.6228761223885995,target_vs_polycomb_nonDE
MA2734.1,MA2734.1	Sl-ERF_F_5,233,3048,0.6091596948818898,0.01812784219361293,0.4306350832444541,target_vs_polycomb_nonDE
MA2755.1,MA2755.1	hsftf24,260,3195,1.7577464788732395,0.27388737670003294,0.760609835603497,target_vs_polycomb_nonDE
MA1204.1,MA1204.1	AGL13,265,3300,inf,1.0,1.0,target_vs_polycomb_nonDE
MA1283.2,MA1283.2	TCP14,80,1015,0.9747836506457196,0.8900283482742138,1.0,target_vs_polycomb_nonDE
MA2398.1,MA2398.1	AS2,159,2140,0.8151869158878504,0.12506740123403043,0.6725379825094708,target_vs_polycomb_nonDE
MA2636.1,MA2636.1	FUL::AG,248,3033,1.2986559609006807,0.3490108805955402,0.8285086142989372,target_vs_polycomb_nonDE
MA2673.1,MA2673.1	GLYMA-15G086400,158,1807,1.2224940392761277,0.12398601093140091,0.6725379825094708,target_vs_polycomb_nonDE
MA2712.1,MA2712.1	eil1,127,1607,0.9712579926589288,0.8481457979722108,1.0,target_vs_polycomb_nonDE
MA0590.1,MA0590.1	LFY,34,541,0.7514383336934168,0.1401590862602174,0.6725379825094708,target_vs_polycomb_nonDE
MA0938.3,MA0938.3	NAC058,134,1668,1.0026635180405294,1.0,1.0,target_vs_polycomb_nonDE
MA1205.1,MA1205.1	AGL6,212,2664,0.9594594594594594,0.8086062561474823,1.0,target_vs_polycomb_nonDE
MA1257.2,MA1257.2	ERF9,133,1915,0.7302951182846744,0.014191788997319783,0.4306350832444541,target_vs_polycomb_nonDE
MA1267.2,MA1267.2	DOF5.8,265,3301,inf,1.0,1.0,target_vs_polycomb_nonDE
MA1281.2,MA1281.2	DOF5.1,264,3295,0.6409711684370258,0.5011138925853995,0.9168618231586296,target_vs_polycomb_nonDE
MA1660.2,MA1660.2	NAC013,252,3149,0.9479932579329213,0.8794116076744569,1.0,target_vs_polycomb_nonDE
MA1783.1,MA1783.1	NAC005,135,1686,0.9959622228305502,1.0,1.0,target_vs_polycomb_nonDE
MA1788.1,MA1788.1	NAC054,193,2415,0.9856452726017944,0.9426220436059839,1.0,target_vs_polycomb_nonDE
MA1791.1,MA1791.1	NAC087,22,396,0.6646090534979424,0.07417991725998951,0.6228761223885995,target_vs_polycomb_nonDE
MA2033.2,MA2033.2	NAC038,189,2239,1.1817775792764627,0.24510999257402513,0.7260701949602317,target_vs_polycomb_nonDE
MA2045.2,MA2045.2	NAC031,213,2613,1.0816479731519915,0.6940913377754836,0.9868441054471606,target_vs_polycomb_nonDE
MA2733.1,MA2733.1	Sl-ERF_F_4,80,1265,0.6966777053733575,0.00842422689873737,0.39771218569302214,target_vs_polycomb_nonDE
MA2035.2,MA2035.2	NAC075,201,2590,0.8645813223938223,0.35310259459131543,0.8285086142989372,target_vs_polycomb_nonDE
MA2721.1,MA2721.1	Sl-ERF_C_6,210,2697,0.8579229446860147,0.32486814172867223,0.8253945374008289,target_vs_polycomb_nonDE
MA1268.2,MA1268.2	CDF5,263,3289,0.5597446032228641,0.3357798579090189,0.8253945374008289,target_vs_polycomb_nonDE
MA1274.1,MA1274.1	DOF3.6,265,3303,,1.0,1.0,target_vs_polycomb_nonDE
MA1352.1,MA1352.1	TRP1,137,1865,0.8252597184986595,0.1391421365881218,0.6725379825094708,target_vs_polycomb_nonDE
MA1356.1,MA1356.1	TRP2,262,3278,0.66605653853976,0.45982271349017595,0.8969825545645692,target_vs_polycomb_nonDE
MA1402.1,MA1402.1	BPC6,237,3092,0.5776081131029385,0.014406604909143337,0.4306350832444541,target_vs_polycomb_nonDE
MA1784.1,MA1784.1	NAC011,46,497,1.1858916053398014,0.32788505450615474,0.8253945374008289,target_vs_polycomb_nonDE
MA2006.2,MA2006.2	NAC020,238,2978,0.9619928861030271,0.8305907894713994,1.0,target_vs_polycomb_nonDE
MA2009.2,MA2009.2	NAC010,242,3054,0.8578628171179636,0.47140100995633627,0.8990543178023315,target_vs_polycomb_nonDE
MA2645.1,MA2645.1	GLYMA-16G042900,138,1740,0.9760792831930492,0.8482353372505589,1.0,target_vs_polycomb_nonDE
MA2731.1,MA2731.1	sep3,265,3302,inf,1.0,1.0,target_vs_polycomb_nonDE
MA2664.1,MA2664.1	GLYMA-03G162700,125,1765,0.7780250910562525,0.0548702852598552,0.6228761223885995,target_vs_polycomb_nonDE
MA1404.1,MA1404.1	BPC1,206,2729,0.7343846072628578,0.05412922554751999,0.6228761223885995,target_vs_polycomb_nonDE
MA2659.1,MA2659.1	GLYMA-08G281200,237,2933,1.0677755589109152,0.8393421915059298,1.0,target_vs_polycomb_nonDE
MA1354.1,MA1354.1	AT4G12670,257,3188,1.1588378293601003,0.8609202266920446,1.0,target_vs_polycomb_nonDE
MA1403.1,MA1403.1	BPC5,252,3184,0.7244878237340548,0.30683564006060315,0.8008828608228206,target_vs_polycomb_nonDE
MA0053.1,MA0053.1	MNB1A,237,3231,1.3203342618384402,0.8171120417212644,1.0,nonPolycomb_down_vs_polycomb_nonDE
MA0984.2,MA0984.2	DOF5.7,239,3262,1.5019926425505825,0.7665347699077495,1.0,nonPolycomb_down_vs_polycomb_nonDE
MA0989.2,MA0989.2	PHYPADRAFT_153324,241,3303,,1.0,1.0,nonPolycomb_down_vs_polycomb_nonDE
MA1017.2,MA1017.2	GATA8,203,2705,1.1809903687129097,0.38576683593693634,0.9249696455116165,nonPolycomb_down_vs_polycomb_nonDE
MA1058.2,MA1058.2	SPL4,223,3119,0.7308610309572157,0.2471771553198927,0.7946878434478271,nonPolycomb_down_vs_polycomb_nonDE
MA1088.2,MA1088.2	WRKY48,238,3260,1.0464212678936606,1.0,1.0,nonPolycomb_down_vs_polycomb_nonDE
MA1736.2,MA1736.2	AT5G04390,235,3220,1.009575569358178,1.0,1.0,nonPolycomb_down_vs_polycomb_nonDE
MA1801.2,MA1801.2	TREE1,236,3202,1.4888194878201124,0.5543394427231616,0.9846385745003484,nonPolycomb_down_vs_polycomb_nonDE
MA2085.1,MA2085.1	PK23763.1,241,3303,,1.0,1.0,nonPolycomb_down_vs_polycomb_nonDE
MA2090.1,MA2090.1	PK26523.1,233,3128,1.6294357416879794,0.22640155360550052,0.7719387292377334,nonPolycomb_down_vs_polycomb_nonDE
MA2347.1,MA2347.1	OS04G0486400,229,3150,0.9269047619047619,0.7517555599424881,1.0,nonPolycomb_down_vs_polycomb_nonDE
MA2356.1,MA2356.1	PK20555.1,241,3303,,1.0,1.0,nonPolycomb_down_vs_polycomb_nonDE
MA2370.1,MA2370.1	MBD2,239,3276,0.9848901098901099,1.0,1.0,nonPolycomb_down_vs_polycomb_nonDE
MA2383.1,MA2383.1	e_gw1.392.16.1,241,3303,,1.0,1.0,nonPolycomb_down_vs_polycomb_nonDE
MA2402.1,MA2402.1	OsERF104,218,2960,1.0983254994124558,0.7430373294544168,1.0,nonPolycomb_down_vs_polycomb_nonDE
MA2481.1,MA2481.1	PK12011.1,187,2547,1.027875932469572,0.9366839001669495,1.0,nonPolycomb_down_vs_polycomb_nonDE
MA0021.1,MA0021.1	Dof3,236,3250,0.769723076923077,0.593340474071335,0.9913559640365757,nonPolycomb_down_vs_polycomb_nonDE
MA0552.2,MA0552.2	PIF1,195,2520,1.3171583850931676,0.11469242652812278,0.6197536541911213,nonPolycomb_down_vs_polycomb_nonDE
MA0564.2,MA0564.2	ABI3,102,1707,0.6860957631083182,0.005068915685850368,0.20667351682762636,nonPolycomb_down_vs_polycomb_nonDE
MA0568.2,MA0568.2	MYC3,217,2944,1.1025673686594204,0.7472877716374153,1.0,nonPolycomb_down_vs_polycomb_nonDE
MA0581.2,MA0581.2	LEC2,159,2376,0.7565133037694013,0.05434330641199882,0.4784592064668522,nonPolycomb_down_vs_polycomb_nonDE
MA0582.2,MA0582.2	RAV1,234,3010,3.254010441385857,0.0004612302413821782,0.10343088162995347,nonPolycomb_down_vs_polycomb_nonDE
MA0944.2,MA0944.2	ARF8,82,1355,0.7414235651790481,0.035060282957335126,0.4339173483893083,nonPolycomb_down_vs_polycomb_nonDE
MA0945.2,MA0945.2	ARR1,231,3201,0.7360824742268042,0.33971176404686376,0.892008639245956,nonPolycomb_down_vs_polycomb_nonDE
MA0955.2,MA0955.2	POPTR_0002s00440g,233,3181,1.1170229487582521,1.0,1.0,nonPolycomb_down_vs_polycomb_nonDE
MA0956.2,MA0956.2	BEE2,163,2339,0.8612709792701242,0.30544878513215845,0.8753596174554189,nonPolycomb_down_vs_polycomb_nonDE
MA0965.3,MA0965.3	BIM2,78,1026,1.0619954794962867,0.6661705609072366,1.0,nonPolycomb_down_vs_polycomb_nonDE
MA0966.2,MA0966.2	BIM3,50,777,0.851038023812893,0.3447364087306699,0.892008639245956,nonPolycomb_down_vs_polycomb_nonDE
MA0969.2,MA0969.2	CAMTA2,186,2525,1.042001800180018,0.8749599569008664,1.0,nonPolycomb_down_vs_polycomb_nonDE
MA0970.2,MA0970.2	CAMTA3,24,357,0.9126747473182821,0.7472662939730037,1.0,nonPolycomb_down_vs_polycomb_nonDE
MA0988.2,MA0988.2	PHYPADRAFT_143875,134,1888,0.9385890226516711,0.6377478023907235,1.0,nonPolycomb_down_vs_polycomb_nonDE
MA0998.2,MA0998.2	ERF096,41,459,1.2701960784313726,0.18000532732590363,0.7280963086959947,nonPolycomb_down_vs_polycomb_nonDE
MA1011.2,MA1011.2	PHYPADRAFT_72483,200,2680,1.1339643247178741,0.549340980649173,0.9811916220786361,nonPolycomb_down_vs_polycomb_nonDE
MA1015.2,MA1015.2	GATA12,164,2276,0.9610617853148609,0.7736451796199217,1.0,nonPolycomb_down_vs_polycomb_nonDE
MA1018.2,MA1018.2	GATA9,104,1444,0.9772934063934327,0.893094062141579,1.0,nonPolycomb_down_vs_polycomb_nonDE
MA1027.2,MA1027.2	KAN1,239,3288,0.5451642335766423,0.3234114038552687,0.8916284122556273,nonPolycomb_down_vs_polycomb_nonDE
MA1031.2,MA1031.2	OJ1581_H09.2,114,1465,1.126183117895246,0.38340118922679867,0.9249696455116165,nonPolycomb_down_vs_polycomb_nonDE
MA1057.2,MA1057.2	SPL12,138,2117,0.7505950442786321,0.03733251550119597,0.4339173483893083,nonPolycomb_down_vs_polycomb_nonDE
MA1060.2,MA1060.2	SPL7,172,2539,0.750084193822742,0.05870159065589885,0.4793652503791145,nonPolycomb_down_vs_polycomb_nonDE
MA1077.2,MA1077.2	WRKY18,228,3088,1.2211040255081707,0.5868728685148612,0.9913559640365757,nonPolycomb_down_vs_polycomb_nonDE
MA1085.3,MA1085.3	WRKY40,236,3265,0.5493415007656968,0.21212304868573523,0.7703740715028716,nonPolycomb_down_vs_polycomb_nonDE
MA1086.2,MA1086.2	WRKY43,235,3182,1.4893672742509951,0.4708401672433452,0.9346221515692781,nonPolycomb_down_vs_polycomb_nonDE
MA1089.2,MA1089.2	WRKY57,241,3303,,1.0,1.0,nonPolycomb_down_vs_polycomb_nonDE
MA1092.2,MA1092.2	WRKY63,132,1835,0.9688073394495413,0.8404851028171052,1.0,nonPolycomb_down_vs_polycomb_nonDE
MA1206.2,MA1206.2	ARF2,229,3133,1.0354824981381,1.0,1.0,nonPolycomb_down_vs_polycomb_nonDE
MA1272.3,MA1272.3	DOF2.2,240,3296,0.5097087378640777,0.4310577818381561,0.9326739388844495,nonPolycomb_down_vs_polycomb_nonDE
MA1359.3,MA1359.3	BPE,163,2339,0.8612709792701242,0.30544878513215845,0.8753596174554189,nonPolycomb_down_vs_polycomb_nonDE
MA1360.3,MA1360.3	bHLH74,50,777,0.851038023812893,0.3447364087306699,0.892008639245956,nonPolycomb_down_vs_polycomb_nonDE
MA1414.2,MA1414.2	E2FA,166,2181,1.1386336542870243,0.39745320189416333,0.9308499271516045,nonPolycomb_down_vs_polycomb_nonDE
MA1748.2,MA1748.2	DREB1F,120,1450,1.2673696209746366,0.08077068080235977,0.5326728333417291,nonPolycomb_down_vs_polycomb_nonDE
MA1793.2,MA1793.2	NID1,130,2063,0.7039516491770491,0.010889867933222486,0.34261175999510995,nonPolycomb_down_vs_polycomb_nonDE
MA1799.2,MA1799.2	SPL10,130,1931,0.8321319766166996,0.1764637396197895,0.7280963086959947,nonPolycomb_down_vs_polycomb_nonDE
MA1804.2,MA1804.2	WIN1,217,2961,1.0443262411347518,0.9130087134977001,1.0,nonPolycomb_down_vs_polycomb_nonDE
MA1816.2,MA1816.2	O11,115,1764,0.7962827988338192,0.09465616236775809,0.5661734613430088,nonPolycomb_down_vs_polycomb_nonDE
MA1825.2,MA1825.2	Zm00001d044409,235,3212,1.1096409298464094,1.0,1.0,nonPolycomb_down_vs_polycomb_nonDE
MA2059.1,MA2059.1	PK05432.1,225,3004,1.3996962383488682,0.24059666770346028,0.7882190950948579,nonPolycomb_down_vs_polycomb_nonDE
MA2063.1,MA2063.1	PK07402.1,128,1684,1.089021083387636,0.5483221012362667,0.9811916220786361,nonPolycomb_down_vs_polycomb_nonDE
MA2080.1,MA2080.1	PK20225.1,231,3052,1.8997706422018348,0.054035880843618524,0.4784592064668522,nonPolycomb_down_vs_polycomb_nonDE
MA2082.1,MA2082.1	PK20392.1,223,3113,0.7561480529678409,0.2572719630117093,0.815452123044181,nonPolycomb_down_vs_polycomb_nonDE
MA2103.1,MA2103.1	AT4G09450,230,3213,0.5856888209829386,0.10621065923617111,0.5917451014586675,nonPolycomb_down_vs_polycomb_nonDE
MA2105.1,MA2105.1	GLYMA-13G317000,206,2736,1.2197368421052632,0.3284666548301475,0.892008639245956,nonPolycomb_down_vs_polycomb_nonDE
MA2342.1,MA2342.1	URI,128,1700,1.0681103591879229,0.6406674022244112,1.0,nonPolycomb_down_vs_polycomb_nonDE
MA2345.1,MA2345.1	OS02G0104500,235,3262,0.4922848967913346,0.13196582945626326,0.6433334185992834,nonPolycomb_down_vs_polycomb_nonDE
MA2355.1,MA2355.1	PK06791.1,95,1438,0.8438994417665326,0.225727724427072,0.7719387292377334,nonPolycomb_down_vs_polycomb_nonDE
MA2358.1,MA2358.1	PK22320.1,48,667,0.9828867949444967,1.0,1.0,nonPolycomb_down_vs_polycomb_nonDE
MA2361.1,MA2361.1	PRUPE_ppa000682mg,177,2550,0.816672794117647,0.17890792247730772,0.7280963086959947,nonPolycomb_down_vs_polycomb_nonDE
MA2368.1,MA2368.1	WRKY51,223,2920,1.6249809741248098,0.05718182996144188,0.4793652503791145,nonPolycomb_down_vs_polycomb_nonDE
MA2382.1,MA2382.1	e_gw1.209.40.1,134,1888,0.9385890226516711,0.6377478023907235,1.0,nonPolycomb_down_vs_polycomb_nonDE
MA2397.1,MA2397.1	ILR3,78,1026,1.0619954794962867,0.6661705609072366,1.0,nonPolycomb_down_vs_polycomb_nonDE
MA2403.1,MA2403.1	DVH24_040989,199,2698,1.0624713191429278,0.7957069104018213,1.0,nonPolycomb_down_vs_polycomb_nonDE
MA2405.1,MA2405.1	OsMSL08,201,2857,0.7844417220861043,0.1751632807676553,0.7274141798545686,nonPolycomb_down_vs_polycomb_nonDE
MA2471.1,MA2471.1	SPCH,185,2489,1.0803966021925042,0.698292470355693,1.0,nonPolycomb_down_vs_polycomb_nonDE
MA2475.1,MA2475.1	HOX6,197,2502,1.4333714846304775,0.03458644948692002,0.4339173483893083,nonPolycomb_down_vs_polycomb_nonDE
MA2480.1,MA2480.1	GLYMA-04G093300,162,2211,1.012795630592721,1.0,1.0,nonPolycomb_down_vs_polycomb_nonDE
MA2483.1,MA2483.1	PK20543.1,199,2698,1.0624713191429278,0.7957069104018213,1.0,nonPolycomb_down_vs_polycomb_nonDE
MA0096.1,MA0096.1	bZIP910,71,911,1.0966100600503648,0.5509692114279012,0.9811916220786361,nonPolycomb_down_vs_polycomb_nonDE
MA0121.2,MA0121.2	ARR10,217,2927,1.1614850244846828,0.5976524853509648,0.9913559640365757,nonPolycomb_down_vs_polycomb_nonDE
MA0129.1,MA0129.1	TGA1A,238,3265,0.9233282286881062,0.7560538668051092,1.0,nonPolycomb_down_vs_polycomb_nonDE
MA0560.2,MA0560.2	PIF3,100,1564,0.7885763000852515,0.08233615880657413,0.5326728333417291,nonPolycomb_down_vs_polycomb_nonDE
MA0565.3,MA0565.3	FUS3,193,2778,0.759876709863211,0.10323207473060567,0.5851970305815891,nonPolycomb_down_vs_polycomb_nonDE
MA0569.2,MA0569.2	MYC4,12,225,0.7168558951965065,0.34843862684585897,0.892008639245956,nonPolycomb_down_vs_polycomb_nonDE
MA0586.3,MA0586.3	SPL14,211,2945,0.8549858517260894,0.45385782633315663,0.9326739388844495,nonPolycomb_down_vs_polycomb_nonDE
MA0930.3,MA0930.3	ABF3,72,1139,0.8094300512751246,0.15943499925807977,0.6981310367137542,nonPolycomb_down_vs_polycomb_nonDE
MA0941.2,MA0941.2	ABF2,212,2920,0.9588568729333963,0.8350300309188516,1.0,nonPolycomb_down_vs_polycomb_nonDE
MA0942.2,MA0942.2	ARF1,103,1407,1.0057785606130836,1.0,1.0,nonPolycomb_down_vs_polycomb_nonDE
MA0943.2,MA0943.2	ARF5,111,1524,0.9967141126589946,1.0,1.0,nonPolycomb_down_vs_polycomb_nonDE
MA0948.2,MA0948.2	ARR18,69,898,1.0743836432382037,0.6531552072127882,1.0,nonPolycomb_down_vs_polycomb_nonDE
MA0953.2,MA0953.2	ATHB-6,101,1219,1.2333528653463026,0.1289865866438869,0.6406525156593246,nonPolycomb_down_vs_polycomb_nonDE
MA0961.2,MA0961.2	bHLH112,213,2723,1.6203242222338807,0.016771731234303904,0.39387615124152187,nonPolycomb_down_vs_polycomb_nonDE
MA0962.2,MA0962.2	bHLH34,193,2534,1.2202134306761379,0.26718080545010525,0.8321568836414737,nonPolycomb_down_vs_polycomb_nonDE
MA0973.2,MA0973.2	CDF2,206,2824,0.9983205180089033,1.0,1.0,nonPolycomb_down_vs_polycomb_nonDE
MA0980.3,MA0980.3	RAP2-10,235,3191,1.3746996761725687,0.577311733653987,0.9913559640365757,nonPolycomb_down_vs_polycomb_nonDE
MA0995.3,MA0995.3	ERF039,97,1349,0.9757124619059385,0.8920949739573067,1.0,nonPolycomb_down_vs_polycomb_nonDE
MA1004.2,MA1004.2	ERF13,100,1327,1.0560802107884792,0.6838061137034162,1.0,nonPolycomb_down_vs_polycomb_nonDE
MA1008.2,MA1008.2	PHYPADRAFT_182268,154,1990,1.1679200600704673,0.27536382779398993,0.8463501150539509,nonPolycomb_down_vs_polycomb_nonDE
MA1021.2,MA1021.2	PHYPADRAFT_48267,169,2393,0.8925918187305567,0.45601994654745465,0.9326739388844495,nonPolycomb_down_vs_polycomb_nonDE
MA1025.2,MA1025.2	HBI1,234,3208,0.9899358745992163,1.0,1.0,nonPolycomb_down_vs_polycomb_nonDE
MA1030.2,MA1030.2	P0510F09.23,119,1756,0.859316068561186,0.25679919216128305,0.815452123044181,nonPolycomb_down_vs_polycomb_nonDE
MA1037.2,MA1037.2	MYB24,101,1387,0.9965804923267072,1.0,1.0,nonPolycomb_down_vs_polycomb_nonDE
MA1043.2,MA1043.2	NAC083,213,2824,1.2903050384459733,0.2524815374629352,0.805964196100544,nonPolycomb_down_vs_polycomb_nonDE
MA1049.2,MA1049.2	ERF094,180,2319,1.2520942463894131,0.1441403220948153,0.6587367290777856,nonPolycomb_down_vs_polycomb_nonDE
MA1061.2,MA1061.2	SPT,138,2009,0.8629709994345832,0.2755119661045191,0.8463501150539509,nonPolycomb_down_vs_polycomb_nonDE
MA1074.2,MA1074.2	UNE10,217,2849,1.4408271908271908,0.11727082518444462,0.6261424416098025,nonPolycomb_down_vs_polycomb_nonDE
MA1078.2,MA1078.2	WRKY2,236,3193,1.6260569996868148,0.3498803056483456,0.892008639245956,nonPolycomb_down_vs_polycomb_nonDE
MA1090.2,MA1090.2	WRKY60,167,2133,1.2378834530733265,0.1426952071827118,0.6587367290777856,nonPolycomb_down_vs_polycomb_nonDE
MA1093.2,MA1093.2	WRKY75,208,2528,1.9322976601457613,0.00032399022270736727,0.09852871407992547,nonPolycomb_down_vs_polycomb_nonDE
MA1165.3,MA1165.3	HHO6,127,1690,1.0632772760303124,0.6888945332457526,1.0,nonPolycomb_down_vs_polycomb_nonDE
MA1171.2,MA1171.2	MYB52,227,3147,0.8037586817377094,0.4340020588748173,0.9326739388844495,nonPolycomb_down_vs_polycomb_nonDE
MA1179.2,MA1179.2	MYB1,104,1382,1.0551934676286352,0.6856961411926834,1.0,nonPolycomb_down_vs_polycomb_nonDE
MA1219.3,MA1219.3	ERF011,166,2233,1.0605762054037917,0.721567957177298,1.0,nonPolycomb_down_vs_polycomb_nonDE
MA1227.3,MA1227.3	ERF027,238,3232,1.7427805280528053,0.48343844941790026,0.9406055570502013,nonPolycomb_down_vs_polycomb_nonDE
MA1276.2,MA1276.2	DOF3.5,181,2469,1.0189955447549615,0.9388944221694131,1.0,nonPolycomb_down_vs_polycomb_nonDE
MA1280.2,MA1280.2	DOF5.4,233,3160,1.317998417721519,0.6185485967339818,1.0,nonPolycomb_down_vs_polycomb_nonDE
MA1311.3,MA1311.3	WRKY28,143,1759,1.2808297850123562,0.07094541324038661,0.5050420396688837,nonPolycomb_down_vs_polycomb_nonDE
MA1322.3,MA1322.3	SPL9,44,585,1.037719640765326,0.8613067146104421,1.0,nonPolycomb_down_vs_polycomb_nonDE
MA1327.3,MA1327.3	ATHB-23,238,3279,0.5806648368405002,0.4253727864946421,0.9326739388844495,nonPolycomb_down_vs_polycomb_nonDE
MA1365.3,MA1365.3	AT5G47660,127,1888,0.8349362548319953,0.17859717393706181,0.7280963086959947,nonPolycomb_down_vs_polycomb_nonDE
MA1376.2,MA1376.2	DEAR3,230,3095,1.40519900132178,0.3326170390699097,0.892008639245956,nonPolycomb_down_vs_polycomb_nonDE
MA1378.2,MA1378.2	AIL6,231,3197,0.7659055364404129,0.449728203405815,0.9326739388844495,nonPolycomb_down_vs_polycomb_nonDE
MA1381.2,MA1381.2	AT3G46070,239,3282,0.7646252285191956,0.6673340694705967,1.0,nonPolycomb_down_vs_polycomb_nonDE
MA1388.2,MA1388.2	PHL2,147,1949,1.0864163837428906,0.5872690962573297,0.9913559640365757,nonPolycomb_down_vs_polycomb_nonDE
MA1393.3,MA1393.3	MYB70,213,2774,1.4506772067154188,0.08095042089619431,0.5326728333417291,nonPolycomb_down_vs_polycomb_nonDE
MA1410.2,MA1410.2	StBRC1,136,1824,1.050250626566416,0.7375468884081333,1.0,nonPolycomb_down_vs_polycomb_nonDE
MA1425.2,MA1425.2	HYH,168,2426,0.8319461541067658,0.22792306955857172,0.7719387292377334,nonPolycomb_down_vs_polycomb_nonDE
MA1427.3,MA1427.3	NAC028,231,3107,1.4572256195687159,0.3172331594013996,0.8782658764909119,nonPolycomb_down_vs_polycomb_nonDE
MA1659.2,MA1659.2	ABF4,43,588,1.0027571634714492,1.0,1.0,nonPolycomb_down_vs_polycomb_nonDE
MA1674.3,MA1674.3	NAC017,232,3160,1.1665260196905767,0.8686040945432063,1.0,nonPolycomb_down_vs_polycomb_nonDE
MA1676.3,MA1676.3	NAC062,155,2109,1.0203777829236826,0.9446424628915746,1.0,nonPolycomb_down_vs_polycomb_nonDE
MA1677.2,MA1677.2	NAC078,239,3244,2.1733970406905057,0.43660711591737905,0.9326739388844495,nonPolycomb_down_vs_polycomb_nonDE
MA1737.2,MA1737.2	AT5G05090,87,1131,1.0849150849150848,0.5743331704434615,0.9913559640365757,nonPolycomb_down_vs_polycomb_nonDE
MA1739.2,MA1739.2	BHLH122,154,2007,1.1430338642338025,0.37395063882843366,0.9236816577031369,nonPolycomb_down_vs_polycomb_nonDE
MA1740.2,MA1740.2	BHLH49,190,2518,1.1614415424628945,0.38779111772112274,0.9249696455116165,nonPolycomb_down_vs_polycomb_nonDE
MA1756.2,MA1756.2	GRF9,153,2066,1.0409937956525566,0.8361526148089268,1.0,nonPolycomb_down_vs_polycomb_nonDE
MA1780.2,MA1780.2	MYB92,216,3006,0.8536526946107784,0.48529405908956247,0.9406055570502013,nonPolycomb_down_vs_polycomb_nonDE
MA1786.2,MA1786.2	NAC019,96,1488,0.8075639599555061,0.12287031504016385,0.6324105803971362,nonPolycomb_down_vs_polycomb_nonDE
MA1802.2,MA1802.2	TRP5,236,3259,0.6372506903958269,0.38108877201638314,0.9249696455116165,nonPolycomb_down_vs_polycomb_nonDE
MA1805.2,MA1805.2	WRKY53,241,3302,inf,1.0,1.0,nonPolycomb_down_vs_polycomb_nonDE
MA1809.2,MA1809.2	GLYMA-07G038400,177,2238,1.3160816018766757,0.07329648380324486,0.5096662478411678,nonPolycomb_down_vs_polycomb_nonDE
MA1829.2,MA1829.2	Zm00001d035604,201,2884,0.7300537447988904,0.09054238967339404,0.5524933573947921,nonPolycomb_down_vs_polycomb_nonDE
MA1834.2,MA1834.2	Zm00001d034298,101,1225,1.2237784256559767,0.14756381747884034,0.6626919598034735,nonPolycomb_down_vs_polycomb_nonDE
MA2010.2,MA2010.2	SMB,238,3269,0.8251249107780158,0.7372010871166663,1.0,nonPolycomb_down_vs_polycomb_nonDE
MA2016.2,MA2016.2	GRF6,209,2914,0.8718792896362388,0.47095787347749574,0.9346221515692781,nonPolycomb_down_vs_polycomb_nonDE
MA2017.2,MA2017.2	JUB1,42,615,0.9224659884789803,0.7312167048929381,1.0,nonPolycomb_down_vs_polycomb_nonDE
MA2031.2,MA2031.2	AT5G04760,40,549,0.9982872522632737,1.0,1.0,nonPolycomb_down_vs_polycomb_nonDE
MA2034.2,MA2034.2	NAC057,219,3050,0.8257377049180328,0.38398033384403707,0.9249696455116165,nonPolycomb_down_vs_polycomb_nonDE
MA2036.2,MA2036.2	NAC076,233,3228,0.6766960966542751,0.27072095558441583,0.8402653880941903,nonPolycomb_down_vs_polycomb_nonDE
MA2037.2,MA2037.2	NAC096,193,2617,1.0539899375875685,0.8051630256184468,1.0,nonPolycomb_down_vs_polycomb_nonDE
MA2038.2,MA2038.2	NAC103,77,1008,1.0689786585365855,0.6641294965563074,1.0,nonPolycomb_down_vs_polycomb_nonDE
MA2043.2,MA2043.2	NAC004,217,2925,1.1684615384615384,0.5291649023594087,0.9811916220786361,nonPolycomb_down_vs_polycomb_nonDE
MA2044.2,MA2044.2	NAC007,229,3152,0.914207910321489,0.7494548968817067,1.0,nonPolycomb_down_vs_polycomb_nonDE
MA2046.2,MA2046.2	NAC035,6,166,0.48249166880287103,0.08639231013099458,0.5454850255143563,nonPolycomb_down_vs_polycomb_nonDE
MA2047.2,MA2047.2	NAC037,236,3245,0.8436363636363636,0.6155167161597614,1.0,nonPolycomb_down_vs_polycomb_nonDE
MA2049.2,MA2049.2	NAC053,239,3262,1.5019926425505825,0.7665347699077495,1.0,nonPolycomb_down_vs_polycomb_nonDE
MA2050.2,MA2050.2	NAC101,239,3293,0.36289098086850896,0.19425702090294752,0.7539094142174513,nonPolycomb_down_vs_polycomb_nonDE
MA2057.1,MA2057.1	PK01630.1,84,1226,0.906412028137696,0.5339642816257606,0.9811916220786361,nonPolycomb_down_vs_polycomb_nonDE
MA2061.1,MA2061.1	PK06517.1,109,1514,0.9757465673912173,0.8935211380950121,1.0,nonPolycomb_down_vs_polycomb_nonDE
MA2064.1,MA2064.1	PK07858.1,195,2567,1.2154265679781846,0.2610168765035399,0.8215162744690361,nonPolycomb_down_vs_polycomb_nonDE
MA2075.1,MA2075.1	PK18009.1,82,1200,0.9038050314465409,0.4882556337098327,0.9406055570502013,nonPolycomb_down_vs_polycomb_nonDE
MA2077.1,MA2077.1	PK18474.1,12,225,0.7168558951965065,0.34843862684585897,0.892008639245956,nonPolycomb_down_vs_polycomb_nonDE
MA2086.1,MA2086.1	PK23964.1,172,2488,0.8165571555058484,0.18961677821474562,0.7459923248185387,nonPolycomb_down_vs_polycomb_nonDE
MA2088.1,MA2088.1	PK24580.1,83,1155,0.9769521617622884,0.8889288372791095,1.0,nonPolycomb_down_vs_polycomb_nonDE
MA2089.1,MA2089.1	PK25870.1,218,2816,1.639173666007905,0.028279575244356876,0.4339173483893083,nonPolycomb_down_vs_polycomb_nonDE
MA2349.1,MA2349.1	OsCCA1,189,2465,1.2356217818692463,0.21811123133357607,0.7703740715028716,nonPolycomb_down_vs_polycomb_nonDE
MA2350.1,MA2350.1	OsFBH1,152,1937,1.204410851948745,0.1974794172361997,0.7539094142174513,nonPolycomb_down_vs_polycomb_nonDE
MA2357.1,MA2357.1	PK21687.1,236,3278,0.35997559487492375,0.04910804447195353,0.4784592064668522,nonPolycomb_down_vs_polycomb_nonDE
MA2384.1,MA2384.1	estExt_Genewise1.C_2060077,219,3059,0.7940206246842403,0.31128182030304585,0.8782658764909119,nonPolycomb_down_vs_polycomb_nonDE
MA2386.1,MA2386.1	estExt_gwp_gw1.C_550163,226,3080,1.0908658008658008,0.8938104633547869,1.0,nonPolycomb_down_vs_polycomb_nonDE
MA2389.1,MA2389.1	GBF1,196,2723,0.927734932876321,0.6617261138532191,1.0,nonPolycomb_down_vs_polycomb_nonDE
MA2391.1,MA2391.1	Lg3,176,2338,1.1175889978285187,0.5084578071035499,0.9521642024465226,nonPolycomb_down_vs_polycomb_nonDE
MA2392.1,MA2392.1	GRMZM2G135447,156,2270,0.8351800984711065,0.1970258031503715,0.7539094142174513,nonPolycomb_down_vs_polycomb_nonDE
MA2393.1,MA2393.1	PHYPA_008731,169,2393,0.8925918187305567,0.45601994654745465,0.9326739388844495,nonPolycomb_down_vs_polycomb_nonDE
MA2404.1,MA2404.1	OsTRBF3,154,2246,0.8330416270048413,0.19905050849275108,0.7539094142174513,nonPolycomb_down_vs_polycomb_nonDE
MA2406.1,MA2406.1	PK03576.1,190,2518,1.1614415424628945,0.38779111772112274,0.9249696455116165,nonPolycomb_down_vs_polycomb_nonDE
MA2407.1,MA2407.1	PK24978.1,122,1773,0.8846990572878898,0.3846538959253726,0.9249696455116165,nonPolycomb_down_vs_polycomb_nonDE
MA2473.1,MA2473.1	HB88,106,1439,1.017084909788176,0.9463751451974798,1.0,nonPolycomb_down_vs_polycomb_nonDE
MA2611.1,MA2611.1	ereb209,78,1012,1.0833070637018356,0.5639510280896811,0.9913559640365757,nonPolycomb_down_vs_polycomb_nonDE
MA2615.1,MA2615.1	ereb109,130,1798,0.9803184719758691,0.8935765012764537,1.0,nonPolycomb_down_vs_polycomb_nonDE
MA2623.1,MA2623.1	hb66,131,2003,0.7729315118231743,0.056475677695855264,0.4784592064668522,nonPolycomb_down_vs_polycomb_nonDE
MA2625.1,MA2625.1	mybr17,78,1014,1.0802265219443135,0.6130564855740414,1.0,nonPolycomb_down_vs_polycomb_nonDE
MA2627.1,MA2627.1	bzip9,204,2795,1.0020983416332254,1.0,1.0,nonPolycomb_down_vs_polycomb_nonDE
MA2646.1,MA2646.1	GLYMA-11G083900,109,1570,0.9114890947693496,0.5045479160834819,0.949738358688579,nonPolycomb_down_vs_polycomb_nonDE
MA2652.1,MA2652.1	GLYMA-01G053800,181,2312,1.29304354094579,0.10778232041085764,0.5967947000527117,nonPolycomb_down_vs_polycomb_nonDE
MA2654.1,MA2654.1	GLYMA-05G127600,102,1078,1.5145953737937294,0.0028668123587700595,0.1809703906525645,nonPolycomb_down_vs_polycomb_nonDE
MA2713.1,MA2713.1	SlDof14,236,3274,0.4180818570555895,0.07711637872490594,0.5240408463351562,nonPolycomb_down_vs_polycomb_nonDE
MA2717.1,MA2717.1	eil2,207,2729,1.2805595671760825,0.21541876104698363,0.7703740715028716,nonPolycomb_down_vs_polycomb_nonDE
MA2757.1,MA2757.1	pbf1,211,2946,0.8523082145281738,0.45323892687179346,0.9326739388844495,nonPolycomb_down_vs_polycomb_nonDE
MA2758.1,MA2758.1	ereb122,164,2310,0.9155675493337831,0.5610452768100426,0.9913559640365757,nonPolycomb_down_vs_polycomb_nonDE
MA0034.2,MA0034.2	Gam1,214,2803,1.413829098452716,0.11042995484129889,0.6039979847112507,nonPolycomb_down_vs_polycomb_nonDE
MA0110.4,MA0110.4	ATHB-5,220,2951,1.2496167562246858,0.3852492657055866,0.9249696455116165,nonPolycomb_down_vs_polycomb_nonDE
MA0128.1,MA0128.1	EmBP-1,240,3284,1.3885505481120584,1.0,1.0,nonPolycomb_down_vs_polycomb_nonDE
MA0557.2,MA0557.2	FHY3,230,3152,1.0016728195662206,1.0,1.0,nonPolycomb_down_vs_polycomb_nonDE
MA0561.1,MA0561.1	PIF4,163,2308,0.9009076567568769,0.4682277054291051,0.9346221515692781,nonPolycomb_down_vs_polycomb_nonDE
MA0562.1,MA0562.1	PIF5,183,2515,0.9885788715979982,0.9376863551171148,1.0,nonPolycomb_down_vs_polycomb_nonDE
MA0567.1,MA0567.1	ERF1B,230,3125,1.1909818181818181,0.7656398754772242,1.0,nonPolycomb_down_vs_polycomb_nonDE
MA0577.4,MA0577.4	SPL3,72,1063,0.897760608304063,0.47547261861874124,0.9394249755528874,nonPolycomb_down_vs_polycomb_nonDE
MA0587.2,MA0587.2	TCP16,176,2174,1.4061566768098508,0.02374558447632137,0.4339173483893083,nonPolycomb_down_vs_polycomb_nonDE
MA0588.2,MA0588.2	TGA1,232,3192,0.8964076858813701,0.7117066081421244,1.0,nonPolycomb_down_vs_polycomb_nonDE
MA0931.2,MA0931.2	ABI5,152,2188,0.8703243431998849,0.32435851131965876,0.8916284122556273,nonPolycomb_down_vs_polycomb_nonDE
MA0932.1,MA0932.1	AHL12,188,2844,0.5724862670169573,0.0011582545527364324,0.14842204768636855,nonPolycomb_down_vs_polycomb_nonDE
MA0933.1,MA0933.1	AHL20,107,1614,0.8356128280530434,0.18263285335183815,0.7280963086959947,nonPolycomb_down_vs_polycomb_nonDE
MA0934.1,MA0934.1	AHL25,222,3107,0.7370792607524604,0.20956683486448602,0.7703740715028716,nonPolycomb_down_vs_polycomb_nonDE
MA0935.1,MA0935.1	NAC025,52,691,1.0400079633075292,0.8059308707444164,1.0,nonPolycomb_down_vs_polycomb_nonDE
MA0936.1,MA0936.1	NAC046,205,2769,1.0981702178885278,0.7162530730467601,1.0,nonPolycomb_down_vs_polycomb_nonDE
MA0937.1,MA0937.1	NAC055,232,3162,1.149483449293696,0.8680214374491633,1.0,nonPolycomb_down_vs_polycomb_nonDE
MA0939.1,MA0939.1	NAC079,166,2244,1.0445276292335115,0.8301338169553647,1.0,nonPolycomb_down_vs_polycomb_nonDE
MA0946.1,MA0946.1	ARR11,221,3018,1.0434890656063618,1.0,1.0,nonPolycomb_down_vs_polycomb_nonDE
MA0947.1,MA0947.1	ARR14,128,1669,1.1089890083087217,0.4631541764919922,0.9326739388844495,nonPolycomb_down_vs_polycomb_nonDE
MA0949.2,MA0949.2	ARR2,119,1560,1.0898329129886506,0.5477715597020127,0.9811916220786361,nonPolycomb_down_vs_polycomb_nonDE
MA0950.1,MA0950.1	ATHB-12,214,2911,1.0673180910212858,0.8364793439429793,1.0,nonPolycomb_down_vs_polycomb_nonDE
MA0951.1,MA0951.1	ATHB-16,183,2760,0.6207458770614692,0.0032756714437427443,0.1809703906525645,nonPolycomb_down_vs_polycomb_nonDE
MA0952.1,MA0952.1	ATHB-51,111,1798,0.7147043723795671,0.013174059102084051,0.3598623589181434,nonPolycomb_down_vs_polycomb_nonDE
MA0957.1,MA0957.1	BHLH3,52,731,0.9680440651712882,0.8726052476771186,1.0,nonPolycomb_down_vs_polycomb_nonDE
MA0958.1,MA0958.1	BHLH13,6,143,0.5642017556911174,0.24122886365816745,0.7882190950948579,nonPolycomb_down_vs_polycomb_nonDE
MA0959.1,MA0959.1	AIB,68,876,1.0890015044738302,0.5972666824577467,0.9913559640365757,nonPolycomb_down_vs_polycomb_nonDE
MA0963.1,MA0963.1	bHLH78,131,1820,0.9703946053946054,0.8406987459906681,1.0,nonPolycomb_down_vs_polycomb_nonDE
MA0964.3,MA0964.3	BIM1,76,1119,0.898984482898692,0.4809296083892275,0.9406055570502013,nonPolycomb_down_vs_polycomb_nonDE
MA0967.1,MA0967.1	BZIP60,160,2100,1.1315696649029983,0.40524600405977973,0.9326739388844495,nonPolycomb_down_vs_polycomb_nonDE
MA0971.2,MA0971.2	DREB1A,173,2379,0.9881314442548772,0.9408133195990287,1.0,nonPolycomb_down_vs_polycomb_nonDE
MA0972.1,MA0972.1	CCA1,241,3292,inf,1.0,1.0,nonPolycomb_down_vs_polycomb_nonDE
MA0974.3,MA0974.3	CDF3,241,3302,inf,1.0,1.0,nonPolycomb_down_vs_polycomb_nonDE
MA0975.1,MA0975.1	CRF2,100,1333,1.0481343740190368,0.7343094002229811,1.0,nonPolycomb_down_vs_polycomb_nonDE
MA0977.1,MA0977.1	DOF2.5,122,1524,1.1967511414014425,0.1815179886171661,0.7280963086959947,nonPolycomb_down_vs_polycomb_nonDE
MA0978.1,MA0978.1	DREB1E,191,2577,1.0761816065192085,0.6874230033413135,1.0,nonPolycomb_down_vs_polycomb_nonDE
MA0986.1,MA0986.1	DREB2C,167,2123,1.25434431133913,0.12480959290078064,0.6324105803971362,nonPolycomb_down_vs_polycomb_nonDE
MA1007.1,MA1007.1	PHYPADRAFT_173530,176,2357,1.086753043307986,0.6057036486518397,0.9969104088820188,nonPolycomb_down_vs_polycomb_nonDE
MA1009.1,MA1009.1	ARF3,228,3061,1.3865755283592591,0.3025172663447776,0.873375506738296,nonPolycomb_down_vs_polycomb_nonDE
MA1010.2,MA1010.2	PHYPADRAFT_64121,75,1062,0.9533898305084746,0.7752411406962076,1.0,nonPolycomb_down_vs_polycomb_nonDE
MA1013.1,MA1013.1	GATA10,71,875,1.158910924369748,0.32690207478467154,0.892008639245956,nonPolycomb_down_vs_polycomb_nonDE
MA1014.1,MA1014.1	GATA11,176,2386,1.0406344703075634,0.8233801601806019,1.0,nonPolycomb_down_vs_polycomb_nonDE
MA1019.2,MA1019.2	Glyma19g26560.1,201,2647,1.245334340763128,0.2399210044651119,0.7882190950948579,nonPolycomb_down_vs_polycomb_nonDE
MA1020.1,MA1020.1	GT-1,165,2256,1.007576287793953,1.0,1.0,nonPolycomb_down_vs_polycomb_nonDE
MA1023.1,MA1023.1	PHYPADRAFT_28324,65,791,1.1728536949775887,0.31070539528825075,0.8782658764909119,nonPolycomb_down_vs_polycomb_nonDE
MA1024.2,MA1024.2	HAT1,218,2972,1.0556205746386564,0.9114386888866797,1.0,nonPolycomb_down_vs_polycomb_nonDE
MA1028.1,MA1028.1	KAN4,239,3262,1.5019926425505825,0.7665347699077495,1.0,nonPolycomb_down_vs_polycomb_nonDE
MA1032.2,MA1032.2	DREB1G,69,995,0.9305364029449573,0.6626456064235977,1.0,nonPolycomb_down_vs_polycomb_nonDE
MA1033.1,MA1033.1	OJ1058_F05.8,172,2411,0.9222464669780415,0.59945619926221,0.9913559640365757,nonPolycomb_down_vs_polycomb_nonDE
MA1034.1,MA1034.1	Os05g0497200,50,714,0.9492278586827401,0.8078709893501801,1.0,nonPolycomb_down_vs_polycomb_nonDE
MA1035.1,MA1035.1	TCP4,113,1405,1.1925822953736656,0.2002595943495592,0.7539094142174513,nonPolycomb_down_vs_polycomb_nonDE
MA1036.1,MA1036.1	MYB111,155,2222,0.876828961965964,0.35632643938819714,0.9003515947358107,nonPolycomb_down_vs_polycomb_nonDE
MA1038.2,MA1038.2	MYB3,201,2754,1.0017156862745098,1.0,1.0,nonPolycomb_down_vs_polycomb_nonDE
MA1039.1,MA1039.1	MYB4,199,2767,0.9178240143184125,0.6514169506161189,1.0,nonPolycomb_down_vs_polycomb_nonDE
MA1040.1,MA1040.1	MYB46,105,1375,1.082566844919786,0.5884645225285241,0.9913559640365757,nonPolycomb_down_vs_polycomb_nonDE
MA1041.1,MA1041.1	MYB55,103,1414,0.997104524117008,1.0,1.0,nonPolycomb_down_vs_polycomb_nonDE
MA1042.1,MA1042.1	MYB59,177,2504,0.8824817791533547,0.4368387618444586,0.9326739388844495,nonPolycomb_down_vs_polycomb_nonDE
MA1044.2,MA1044.2	NAC92,144,1882,1.1208957349606143,0.41896163839185885,0.9326739388844495,nonPolycomb_down_vs_polycomb_nonDE
MA1045.2,MA1045.2	NAC043,177,2468,0.935695654376013,0.6461804575890646,1.0,nonPolycomb_down_vs_polycomb_nonDE
MA1050.1,MA1050.1	OsI_08196,234,3168,1.4245129870129871,0.49444514167927395,0.9406055570502013,nonPolycomb_down_vs_polycomb_nonDE
MA1051.1,MA1051.1	RAP2-3,78,1015,1.078690803590317,0.6132176698469438,1.0,nonPolycomb_down_vs_polycomb_nonDE
MA1053.1,MA1053.1	ERF109,61,772,1.1110463442717329,0.47986717330503426,0.9406055570502013,nonPolycomb_down_vs_polycomb_nonDE
MA1055.3,MA1055.3	SPL1,160,2293,0.8700661702551512,0.3473766080622082,0.892008639245956,nonPolycomb_down_vs_polycomb_nonDE
MA1056.2,MA1056.2	SPL11,83,1218,0.8992486125834008,0.48894585715716565,0.9406055570502013,nonPolycomb_down_vs_polycomb_nonDE
MA1063.2,MA1063.2	TCP19,163,2060,1.2609472242967388,0.11244411987660591,0.6112871244200939,nonPolycomb_down_vs_polycomb_nonDE
MA1064.2,MA1064.2	TCP2,193,2478,1.3386551654560128,0.08817762396831846,0.5454850255143563,nonPolycomb_down_vs_polycomb_nonDE
MA1066.1,MA1066.1	TCP23,151,1896,1.2450597749648382,0.1202905552529834,0.6324105803971362,nonPolycomb_down_vs_polycomb_nonDE
MA1067.1,MA1067.1	TCP5,92,1132,1.1841724571347263,0.23294935397869876,0.7796849646227343,nonPolycomb_down_vs_polycomb_nonDE
MA1075.1,MA1075.1	WRKY12,241,3297,inf,1.0,1.0,nonPolycomb_down_vs_polycomb_nonDE
MA1076.3,MA1076.3	WRKY15,160,2007,1.27553562531141,0.08722910272123585,0.5454850255143563,nonPolycomb_down_vs_polycomb_nonDE
MA1080.1,MA1080.1	WRKY23,158,1982,1.2687561547907067,0.10141866483996481,0.5834536544849106,nonPolycomb_down_vs_polycomb_nonDE
MA1081.3,MA1081.3	WRKY25,135,1628,1.3103530202586806,0.045406523999984974,0.4784592064668522,nonPolycomb_down_vs_polycomb_nonDE
MA1084.1,MA1084.1	WRKY38,204,2678,1.2867609954988595,0.19870057583246037,0.7539094142174513,nonPolycomb_down_vs_polycomb_nonDE
MA1091.1,MA1091.1	WRKY62,229,3107,1.2038407896148482,0.6697531739962335,1.0,nonPolycomb_down_vs_polycomb_nonDE
MA1095.1,MA1095.1	ARALYDRAFT_495258,209,2732,1.365059937774524,0.13059168327144222,0.6433334185992834,nonPolycomb_down_vs_polycomb_nonDE
MA1096.1,MA1096.1	ARALYDRAFT_496250,82,1016,1.1608849601347002,0.3123757447775211,0.8782658764909119,nonPolycomb_down_vs_polycomb_nonDE
MA1097.1,MA1097.1	ARALYDRAFT_493022,170,2283,1.069756251041069,0.6652738670006236,1.0,nonPolycomb_down_vs_polycomb_nonDE
MA1098.1,MA1098.1	ARALYDRAFT_484486,162,2134,1.1233317120045556,0.4425453788316157,0.9326739388844495,nonPolycomb_down_vs_polycomb_nonDE
MA1164.2,MA1164.2	HHO5,226,2969,1.6949365667452565,0.05608504588780978,0.4784592064668522,nonPolycomb_down_vs_polycomb_nonDE
MA1168.2,MA1168.2	MYR2,234,3206,1.0114071829605205,1.0,1.0,nonPolycomb_down_vs_polycomb_nonDE
MA1177.2,MA1177.2	MYB65,155,2085,1.0528693324410239,0.7299330980747347,1.0,nonPolycomb_down_vs_polycomb_nonDE
MA1178.3,MA1178.3	MYB3R1,216,2874,1.289686847599165,0.27232260371300876,0.8423219845881685,nonPolycomb_down_vs_polycomb_nonDE
MA1198.2,MA1198.2	HAT2,233,3250,0.47496153846153844,0.06538756982383781,0.5039939614172463,nonPolycomb_down_vs_polycomb_nonDE
MA1209.2,MA1209.2	ATHB-20,163,2521,0.6482266906701655,0.003058197867987506,0.1809703906525645,nonPolycomb_down_vs_polycomb_nonDE
MA1212.2,MA1212.2	ATHB-13,201,2912,0.6747166895604395,0.032191051682002585,0.4339173483893083,nonPolycomb_down_vs_polycomb_nonDE
MA1218.2,MA1218.2	DREB1D,183,2505,1.0051207928969648,1.0,1.0,nonPolycomb_down_vs_polycomb_nonDE
MA1231.3,MA1231.3	ERF15,212,2894,1.0331482496484998,1.0,1.0,nonPolycomb_down_vs_polycomb_nonDE
MA1232.2,MA1232.2	ERF054,119,1699,0.9208695568270632,0.5485692342610593,0.9811916220786361,nonPolycomb_down_vs_polycomb_nonDE
MA1233.3,MA1233.3	ERF021,163,2252,0.9752755385526256,0.8861569694550494,1.0,nonPolycomb_down_vs_polycomb_nonDE
MA1238.3,MA1238.3	ERF038,226,3059,1.2017870763866187,0.6077828428361369,0.9971784444118771,nonPolycomb_down_vs_polycomb_nonDE
MA1248.2,MA1248.2	ERF012,119,1657,0.9689345746312218,0.8414620558542679,1.0,nonPolycomb_down_vs_polycomb_nonDE
MA1253.2,MA1253.2	ERF036,235,3197,1.2986132832864143,0.7024250200592099,1.0,nonPolycomb_down_vs_polycomb_nonDE
MA1265.3,MA1265.3	ERF015,232,3129,1.4334718227335677,0.36582486901172007,0.9153068396104826,nonPolycomb_down_vs_polycomb_nonDE
MA1275.2,MA1275.2	DOF1.6,114,1622,0.9302892317251958,0.5941698435903717,0.9913559640365757,nonPolycomb_down_vs_polycomb_nonDE
MA1286.2,MA1286.2	TCP24,184,2333,1.3421466224498237,0.06573834279355387,0.5039939614172463,nonPolycomb_down_vs_polycomb_nonDE
MA1289.2,MA1289.2	TCP3,124,1540,1.2132978132978134,0.1603288668484207,0.6981310367137542,nonPolycomb_down_vs_polycomb_nonDE
MA1295.2,MA1295.2	WRKY20,212,2627,1.8811545882939764,0.0010763485619226646,0.14842204768636855,nonPolycomb_down_vs_polycomb_nonDE
MA1300.2,MA1300.2	WRKY6,189,2230,1.7488530527768196,0.0003295274718392156,0.09852871407992547,nonPolycomb_down_vs_polycomb_nonDE
MA1307.3,MA1307.3	WRKY31,229,3120,1.1193108974358974,0.8833444228755754,1.0,nonPolycomb_down_vs_polycomb_nonDE
MA1310.2,MA1310.2	WRKY42,134,1674,1.2186714903024822,0.142622854393733,0.6587367290777856,nonPolycomb_down_vs_polycomb_nonDE
MA1320.2,MA1320.2	SPL15,62,910,0.9108355331819019,0.6006642013608439,0.9913559640365757,nonPolycomb_down_vs_polycomb_nonDE
MA1321.2,MA1321.2	SPL13A,101,1636,0.7350986727209221,0.023263735055666708,0.4339173483893083,nonPolycomb_down_vs_polycomb_nonDE
MA1324.1,MA1324.1	GATA20,43,551,1.0846761627160901,0.6550528958437627,1.0,nonPolycomb_down_vs_polycomb_nonDE
MA1325.2,MA1325.2	GATA14,116,1597,0.9913387601753287,1.0,1.0,nonPolycomb_down_vs_polycomb_nonDE
MA1326.2,MA1326.2	ZHD5,232,3185,0.9550322693179836,0.8571977057813069,1.0,nonPolycomb_down_vs_polycomb_nonDE
MA1343.2,MA1343.2	BZIP52,239,3292,0.3993013365735115,0.21986149643783182,0.7703740715028716,nonPolycomb_down_vs_polycomb_nonDE
MA1351.3,MA1351.3	GBF3,239,3278,0.911378889566809,0.7055911213081331,1.0,nonPolycomb_down_vs_polycomb_nonDE
MA1358.2,MA1358.2	bHLH130,232,3161,1.1580020387359837,0.8682809522110497,1.0,nonPolycomb_down_vs_polycomb_nonDE
MA1366.2,MA1366.2	DF1,241,3302,inf,1.0,1.0,nonPolycomb_down_vs_polycomb_nonDE
MA1386.3,MA1386.3	HHO3,46,568,1.1358793788371253,0.4803710200152697,0.9406055570502013,nonPolycomb_down_vs_polycomb_nonDE
MA1390.3,MA1390.3	HHO2,212,2887,1.0533784025894914,0.9197292268900102,1.0,nonPolycomb_down_vs_polycomb_nonDE
MA1392.3,MA1392.3	MYB98,150,2091,0.9554290759455752,0.7300352863879613,1.0,nonPolycomb_down_vs_polycomb_nonDE
MA1394.3,MA1394.3	MYB73,62,795,1.092695267207758,0.5854302139200572,0.9913559640365757,nonPolycomb_down_vs_polycomb_nonDE
MA1398.3,MA1398.3	KUA1,25,307,1.1295089878151767,0.5669402965437481,0.9913559640365757,nonPolycomb_down_vs_polycomb_nonDE
MA1408.2,MA1408.2	FaEOBII,10,143,0.9566191384373203,1.0,1.0,nonPolycomb_down_vs_polycomb_nonDE
MA1411.2,MA1411.2	TSAR1,148,2064,0.9553013253313328,0.7311454882430395,1.0,nonPolycomb_down_vs_polycomb_nonDE
MA1412.2,MA1412.2	TSAR2,130,1822,0.9519783229991792,0.7375287596401046,1.0,nonPolycomb_down_vs_polycomb_nonDE
MA1428.2,MA1428.2	TCP8,204,2706,1.2163959968838018,0.3379326912713357,0.892008639245956,nonPolycomb_down_vs_polycomb_nonDE
MA1661.2,MA1661.2	GTL1,236,3216,1.276865671641791,0.8327477228363453,1.0,nonPolycomb_down_vs_polycomb_nonDE
MA1662.2,MA1662.2	AT3G10030,162,2258,0.9490307318002937,0.7202552633574295,1.0,nonPolycomb_down_vs_polycomb_nonDE
MA1663.3,MA1663.3	NAC050,140,1918,1.0009395100093952,1.0,1.0,nonPolycomb_down_vs_polycomb_nonDE
MA1664.3,MA1664.3	HSFA6B,154,2037,1.1001303471975352,0.5366211477902414,0.9811916220786361,nonPolycomb_down_vs_polycomb_nonDE
MA1667.3,MA1667.3	HSFC1,146,1945,1.0730239480449195,0.6351950429815374,1.0,nonPolycomb_down_vs_polycomb_nonDE
MA1669.2,MA1669.2	DREB1B,180,2514,0.9260925701318518,0.6391914073752785,1.0,nonPolycomb_down_vs_polycomb_nonDE
MA1670.2,MA1670.2	DREB1C,121,1609,1.06160140874249,0.6889409830826557,1.0,nonPolycomb_down_vs_polycomb_nonDE
MA1671.2,MA1671.2	ERF118,123,1614,1.090810282905929,0.5482049436740636,0.9811916220786361,nonPolycomb_down_vs_polycomb_nonDE
MA1673.2,MA1673.2	LBD18,230,3074,1.5576388478145147,0.18393523208631313,0.7300438193868268,nonPolycomb_down_vs_polycomb_nonDE
MA1675.2,MA1675.2	NAC029,221,2878,1.6317755385684503,0.043325102513626174,0.46822430065930937,nonPolycomb_down_vs_polycomb_nonDE
MA1678.3,MA1678.3	NTL8,241,3298,inf,1.0,1.0,nonPolycomb_down_vs_polycomb_nonDE
MA1679.2,MA1679.2	RAP2-1,45,642,0.9516259774938013,0.8659245881853033,1.0,nonPolycomb_down_vs_polycomb_nonDE
MA1689.2,MA1689.2	ARF18,195,2613,1.1194029850746268,0.564826071885353,0.9913559640365757,nonPolycomb_down_vs_polycomb_nonDE
MA1691.2,MA1691.2	ARF27,70,785,1.3130703616791448,0.07258993663875274,0.5086966653512595,nonPolycomb_down_vs_polycomb_nonDE
MA1692.2,MA1692.2	ARF29,207,2759,1.200434940195723,0.3673472265995248,0.9153068396104826,nonPolycomb_down_vs_polycomb_nonDE
MA1693.2,MA1693.2	ARF34,92,1092,1.2501659414411093,0.10438297089526674,0.5851970305815891,nonPolycomb_down_vs_polycomb_nonDE
MA1697.2,MA1697.2	ARF4,22,316,0.9495693890526559,0.9097330818582992,1.0,nonPolycomb_down_vs_polycomb_nonDE
MA1706.2,MA1706.2	AT1G14600,241,3300,inf,1.0,1.0,nonPolycomb_down_vs_polycomb_nonDE
MA1745.2,MA1745.2	BZIP63,151,2077,0.9903493286256888,0.9450379626833452,1.0,nonPolycomb_down_vs_polycomb_nonDE
MA1751.2,MA1751.2	EIL3,223,2969,1.3936978406496763,0.219215325441393,0.7703740715028716,nonPolycomb_down_vs_polycomb_nonDE
MA1752.2,MA1752.2	ERF025,81,1082,1.0391693622920517,0.7767085828391262,1.0,nonPolycomb_down_vs_polycomb_nonDE
MA1775.2,MA1775.2	MYB61,174,2256,1.2052635757383297,0.2221712703509097,0.7719387292377334,nonPolycomb_down_vs_polycomb_nonDE
MA1779.2,MA1779.2	MYB83,198,2739,0.9481647520313813,0.7904000966608988,1.0,nonPolycomb_down_vs_polycomb_nonDE
MA1794.2,MA1794.2	NLP7,237,3267,0.6528925619834711,0.34639655989200346,0.892008639245956,nonPolycomb_down_vs_polycomb_nonDE
MA1795.2,MA1795.2	RAP2-4,113,1408,1.1881602894176135,0.20087441471345693,0.7539094142174513,nonPolycomb_down_vs_polycomb_nonDE
MA1797.1,MA1797.1	RAV2,241,3303,,1.0,1.0,nonPolycomb_down_vs_polycomb_nonDE
MA1800.1,MA1800.1	TEM1,210,2888,0.9734384773478688,0.919799959693282,1.0,nonPolycomb_down_vs_polycomb_nonDE
MA1807.2,MA1807.2	ZHD10,234,3245,0.5974906449482721,0.2073237840603937,0.7653063140007125,nonPolycomb_down_vs_polycomb_nonDE
MA1819.2,MA1819.2	Zm00001d005892,123,1632,1.0672825274177467,0.6408567739667288,1.0,nonPolycomb_down_vs_polycomb_nonDE
MA1822.2,MA1822.2	Zm00001d018571,110,1582,0.9134731376844462,0.505044812814328,0.949738358688579,nonPolycomb_down_vs_polycomb_nonDE
MA1823.2,MA1823.2	Zm00001d027846,238,3246,1.3930991990141712,0.7962717667940264,1.0,nonPolycomb_down_vs_polycomb_nonDE
MA1824.2,MA1824.2	Zm00001d005692,155,2417,0.6606787195350762,0.0035154707114552542,0.1809703906525645,nonPolycomb_down_vs_polycomb_nonDE
MA1828.2,MA1828.2	Zm00001d038683,131,1692,1.1338974854932302,0.35102593558309103,0.892008639245956,nonPolycomb_down_vs_polycomb_nonDE
MA1835.2,MA1835.2	TFLG2-Zm00001d042777,28,539,0.6741052374855192,0.05594612345446588,0.4784592064668522,nonPolycomb_down_vs_polycomb_nonDE
MA2007.2,MA2007.2	MYB107,236,3253,0.7254841684598832,0.42051630556234604,0.9326739388844495,nonPolycomb_down_vs_polycomb_nonDE
MA2008.2,MA2008.2	MYB99,233,3242,0.5480027760641579,0.13906805883771703,0.6584086554461465,nonPolycomb_down_vs_polycomb_nonDE
MA2011.2,MA2011.2	ERF010,88,1130,1.106044305627856,0.482604519837024,0.9406055570502013,nonPolycomb_down_vs_polycomb_nonDE
MA2015.2,MA2015.2	NAC002,187,2369,1.3653049419195473,0.052926268612263405,0.4784592064668522,nonPolycomb_down_vs_polycomb_nonDE
MA2018.2,MA2018.2	NAC69,220,2862,1.6142557651991614,0.037474282240050324,0.4339173483893083,nonPolycomb_down_vs_polycomb_nonDE
MA2019.2,MA2019.2	HSFA1B,30,481,0.8341626351105024,0.3941375101369692,0.9294712264780296,nonPolycomb_down_vs_polycomb_nonDE
MA2021.2,MA2021.2	LBD13,199,2741,0.9714737409009573,0.8592685944623702,1.0,nonPolycomb_down_vs_polycomb_nonDE
MA2025.2,MA2025.2	MYB93,231,3134,1.2456604977664327,0.64682134903225,1.0,nonPolycomb_down_vs_polycomb_nonDE
MA2048.2,MA2048.2	NAC045,186,2514,1.0613582121935343,0.7543363915170793,1.0,nonPolycomb_down_vs_polycomb_nonDE
MA2051.2,MA2051.2	NAC68,214,2914,1.0580594321157122,0.9173577181340127,1.0,nonPolycomb_down_vs_polycomb_nonDE
MA2052.2,MA2052.2	ZAT6,232,3148,1.2692361993505576,0.6329536984298672,1.0,nonPolycomb_down_vs_polycomb_nonDE
MA2055.1,MA2055.1	PK00315.1,147,1970,1.0581650286208013,0.7338205905888628,1.0,nonPolycomb_down_vs_polycomb_nonDE
MA2060.1,MA2060.1	PK05451.1,171,2300,1.0652981366459626,0.7166878463347529,1.0,nonPolycomb_down_vs_polycomb_nonDE
MA2065.1,MA2065.1	PK08602.1,223,2972,1.3797854045162254,0.21904671430748118,0.7703740715028716,nonPolycomb_down_vs_polycomb_nonDE
MA2066.1,MA2066.1	PK09021.1,103,1528,0.8670280370286061,0.3154047192043703,0.8782658764909119,nonPolycomb_down_vs_polycomb_nonDE
MA2067.1,MA2067.1	PK09702.1,170,2340,0.985373781148429,0.9415104261538401,1.0,nonPolycomb_down_vs_polycomb_nonDE
MA2068.1,MA2068.1	PK10344.1,194,2499,1.327986513754438,0.10067449308489,0.5834536544849106,nonPolycomb_down_vs_polycomb_nonDE
MA2071.1,MA2071.1	PK15505.1,134,1917,0.9054451318502917,0.45829802951381116,0.9326739388844495,nonPolycomb_down_vs_polycomb_nonDE
MA2072.1,MA2072.1	PK16335.1,39,540,0.9878712871287129,1.0,1.0,nonPolycomb_down_vs_polycomb_nonDE
MA2074.1,MA2074.1	PK17878.1,90,1312,0.904488370214828,0.495333937001032,0.9406055570502013,nonPolycomb_down_vs_polycomb_nonDE
MA2076.1,MA2076.1	PK18401.1,112,1766,0.7556339821082111,0.03821568620151099,0.4339173483893083,nonPolycomb_down_vs_polycomb_nonDE
MA2078.1,MA2078.1	PK19363.1,36,451,1.1105078146125142,0.5613974513790286,0.9913559640365757,nonPolycomb_down_vs_polycomb_nonDE
MA2083.1,MA2083.1	PK21166.1,131,1625,1.229751048951049,0.12526706502834017,0.6324105803971362,nonPolycomb_down_vs_polycomb_nonDE
MA2087.1,MA2087.1	PK24205.1,149,2130,0.8919014084507042,0.40419176520701094,0.9326739388844495,nonPolycomb_down_vs_polycomb_nonDE
MA2091.1,MA2091.1	PK27109.1,119,1487,1.1912200822428258,0.2029512628485855,0.7585303448965883,nonPolycomb_down_vs_polycomb_nonDE
MA2092.1,MA2092.1	PK27149.1,176,2398,1.021877205363444,0.9403911305832713,1.0,nonPolycomb_down_vs_polycomb_nonDE
MA2106.1,MA2106.1	Zm00001d024644,161,2179,1.0381138136759982,0.8327752359954426,1.0,nonPolycomb_down_vs_polycomb_nonDE
MA2343.1,MA2343.1	MYB3R3,115,1562,1.0172906123610348,0.9467406746137998,1.0,nonPolycomb_down_vs_polycomb_nonDE
MA2351.1,MA2351.1	OsEIL3,238,3288,0.3619221411192214,0.1190519570073217,0.6318911564234767,nonPolycomb_down_vs_polycomb_nonDE
MA2353.1,MA2353.1	PK02532.1,224,2968,1.4872364039955606,0.1460154218189261,0.661494107937256,nonPolycomb_down_vs_polycomb_nonDE
MA2354.1,MA2354.1	PK06182.1,152,2052,1.0411985018726593,0.7836664993844198,1.0,nonPolycomb_down_vs_polycomb_nonDE
MA2360.1,MA2360.1	PK28565.1,108,1277,1.2883108318957142,0.06475016497524094,0.5039939614172463,nonPolycomb_down_vs_polycomb_nonDE
MA2362.1,MA2362.1	TEIL,30,413,0.9949164017763905,1.0,1.0,nonPolycomb_down_vs_polycomb_nonDE
MA2364.1,MA2364.1	VIT_15s0048g01150,198,2527,1.414012387149023,0.04762456324252677,0.4784592064668522,nonPolycomb_down_vs_polycomb_nonDE
MA2365.1,MA2365.1	VIT_17s0000g10420,145,1920,1.0879720052083333,0.5435303318203761,0.9811916220786361,nonPolycomb_down_vs_polycomb_nonDE
MA2374.1,MA2374.1	AHL13,216,3102,0.5598452611218568,0.013239083438460125,0.3598623589181434,nonPolycomb_down_vs_polycomb_nonDE
MA2390.1,MA2390.1	GLYMA19G26560,237,3259,0.7999386314820497,0.5653989893364769,0.9913559640365757,nonPolycomb_down_vs_polycomb_nonDE
MA2395.1,MA2395.1	PHYPA_011264,236,3223,1.1715792739683524,1.0,1.0,nonPolycomb_down_vs_polycomb_nonDE
MA2399.1,MA2399.1	LjSGA_053525.1,171,2114,1.3739626976618462,0.030637245563743434,0.4339173483893083,nonPolycomb_down_vs_polycomb_nonDE
MA2400.1,MA2400.1	LjTCP20,205,2638,1.4354835312947518,0.05382538421654904,0.4784592064668522,nonPolycomb_down_vs_polycomb_nonDE
MA2401.1,MA2401.1	Os05g0437700,113,1580,0.9627126186708861,0.789680837758419,1.0,nonPolycomb_down_vs_polycomb_nonDE
MA2410.1,MA2410.1	ZmbZIP54,95,1333,0.9616273931496573,0.7860505166092866,1.0,nonPolycomb_down_vs_polycomb_nonDE
MA2414.1,MA2414.1	EREB127,112,1514,1.0259183025611092,0.8935105356143338,1.0,nonPolycomb_down_vs_polycomb_nonDE
MA2420.1,MA2420.1	SBP6,222,3058,0.93611235413583,0.7989796900369035,1.0,nonPolycomb_down_vs_polycomb_nonDE
MA2421.1,MA2421.1	SBP8,129,1740,1.0346213054187192,0.8411753006624567,1.0,nonPolycomb_down_vs_polycomb_nonDE
MA2459.1,MA2459.1	EDF3,241,3290,inf,1.0,1.0,nonPolycomb_down_vs_polycomb_nonDE
MA2461.1,MA2461.1	WOX13,198,2533,1.3997557818195172,0.05654032986118877,0.4784592064668522,nonPolycomb_down_vs_polycomb_nonDE
MA2476.1,MA2476.1	KNAT7,237,3227,1.3954136969321351,0.6565183994721766,1.0,nonPolycomb_down_vs_polycomb_nonDE
MA2477.1,MA2477.1	NGA4,194,2409,1.5318089080840465,0.01008241324258382,0.3375743855907049,nonPolycomb_down_vs_polycomb_nonDE
MA2478.1,MA2478.1	PK13314.1,98,1182,1.2297398033438642,0.14449696310774707,0.6587367290777856,nonPolycomb_down_vs_polycomb_nonDE
MA2479.1,MA2479.1	TCX5,114,1687,0.8598593225639326,0.2856242558354034,0.850228438437726,nonPolycomb_down_vs_polycomb_nonDE
MA2498.1,MA2498.1	LSH1,189,2450,1.2654395604395605,0.16815542196312233,0.7148597796252167,nonPolycomb_down_vs_polycomb_nonDE
MA2501.1,MA2501.1	G1,86,1383,0.7702749982506473,0.06729053007291956,0.5050420396688837,nonPolycomb_down_vs_polycomb_nonDE
MA2502.1,MA2502.1	TMF,238,3234,1.6926406926406927,0.482672005391708,0.9406055570502013,nonPolycomb_down_vs_polycomb_nonDE
MA2604.1,MA2604.1	dof22,241,3298,inf,1.0,1.0,nonPolycomb_down_vs_polycomb_nonDE
MA2605.1,MA2605.1	mybr26,113,1633,0.9028149877526026,0.4632802702196468,0.9326739388844495,nonPolycomb_down_vs_polycomb_nonDE
MA2606.1,MA2606.1	mybr43,168,2278,1.0355154124622656,0.8290930711308078,1.0,nonPolycomb_down_vs_polycomb_nonDE
MA2607.1,MA2607.1	tcptf23,234,3223,0.8297504543238332,0.6632693209052501,1.0,nonPolycomb_down_vs_polycomb_nonDE
MA2609.1,MA2609.1	ereb172,228,2990,1.835966040648315,0.03681479350142387,0.4339173483893083,nonPolycomb_down_vs_polycomb_nonDE
MA2612.1,MA2612.1	ereb147,138,1851,1.0509984107252444,0.7370366543475342,1.0,nonPolycomb_down_vs_polycomb_nonDE
MA2620.1,MA2620.1	g2,139,1934,0.964631871362816,0.7869735628793537,1.0,nonPolycomb_down_vs_polycomb_nonDE
MA2621.1,MA2621.1	glk25,234,3109,2.085925653632312,0.059384142501744994,0.4793652503791145,nonPolycomb_down_vs_polycomb_nonDE
MA2624.1,MA2624.1	myb37,238,3276,0.6538461538461539,0.4542326919355272,0.9326739388844495,nonPolycomb_down_vs_polycomb_nonDE
MA2647.1,MA2647.1	GLYMA-12G226000,235,3233,0.8480255696463553,0.6439129438670469,1.0,nonPolycomb_down_vs_polycomb_nonDE
MA2649.1,MA2649.1	GLYMA-08G271900,239,3275,1.0216793893129772,1.0,1.0,nonPolycomb_down_vs_polycomb_nonDE
MA2668.1,MA2668.1	GLYMA-20G155100,69,963,0.9747880895457509,0.9414657585680641,1.0,nonPolycomb_down_vs_polycomb_nonDE
MA2671.1,MA2671.1	GLYMA-19G100900,166,2347,0.9015537565686692,0.4635931617196053,0.9326739388844495,nonPolycomb_down_vs_polycomb_nonDE
MA2710.1,MA2710.1	SolycHsfB1,187,2672,0.817788035041029,0.20591423270268755,0.7653063140007125,nonPolycomb_down_vs_polycomb_nonDE
MA2711.1,MA2711.1	SolycHsfB2b,221,3075,0.8193170731707317,0.43122295047658565,0.9326739388844495,nonPolycomb_down_vs_polycomb_nonDE
MA2726.1,MA2726.1	SlWRKY41,240,3225,5.804651162790698,0.04147179256327313,0.459261702830321,nonPolycomb_down_vs_polycomb_nonDE
MA2727.1,MA2727.1	SolycHsfA7,233,3175,1.1741732283464568,0.8615588269271924,1.0,nonPolycomb_down_vs_polycomb_nonDE
MA2736.1,MA2736.1	la3,193,2584,1.118799987100103,0.5705435535463013,0.9913559640365757,nonPolycomb_down_vs_polycomb_nonDE
MA2744.1,MA2744.1	SlWRKY40,194,2530,1.2611386763098142,0.1788844999917587,0.7280963086959947,nonPolycomb_down_vs_polycomb_nonDE
MA2745.1,MA2745.1	SlWRKY81,239,3197,3.9621520175164218,0.031970976247511475,0.4339173483893083,nonPolycomb_down_vs_polycomb_nonDE
MA2749.1,MA2749.1	TraesCS2D02G576500,20,201,1.396636725872898,0.16784739875783344,0.7148597796252167,nonPolycomb_down_vs_polycomb_nonDE
MA2754.1,MA2754.1	wrky38,114,1300,1.38305269533616,0.016988738136672198,0.39387615124152187,nonPolycomb_down_vs_polycomb_nonDE
MA2760.1,MA2760.1	p2,241,3267,inf,0.1719765195693136,0.7175020374589502,nonPolycomb_down_vs_polycomb_nonDE
MA0008.4,MA0008.4	HAT5,63,1009,0.8046792351978264,0.16747038050898694,0.7148597796252167,nonPolycomb_down_vs_polycomb_nonDE
MA0054.1,MA0054.1	myb.Ph3,212,2765,1.4224106753133379,0.08412669501430543,0.535188974665475,nonPolycomb_down_vs_polycomb_nonDE
MA0566.2,MA0566.2	MYC2,60,920,0.8586355993274081,0.33336720720496704,0.892008639245956,nonPolycomb_down_vs_polycomb_nonDE
MA0575.2,MA0575.2	MYB77,234,3044,2.8442838370565044,0.0032546779011555353,0.1809703906525645,nonPolycomb_down_vs_polycomb_nonDE
MA0579.2,MA0579.2	CDC5,143,1621,1.5140943484117892,0.002130797867044258,0.1809703906525645,nonPolycomb_down_vs_polycomb_nonDE
MA0990.2,MA0990.2	HDG11,94,1577,0.6998736082892256,0.009096065158256589,0.3263668178782464,nonPolycomb_down_vs_polycomb_nonDE
MA0992.3,MA0992.3	ERF4,128,1820,0.9229991247690362,0.5471250046231636,0.9811916220786361,nonPolycomb_down_vs_polycomb_nonDE
MA1005.3,MA1005.3	ERF082,101,1195,1.2726120741183502,0.08313734299647946,0.5326728333417291,nonPolycomb_down_vs_polycomb_nonDE
MA1046.1,MA1046.1	NTL9,178,2616,0.7419906800640745,0.05985385511980025,0.4793652503791145,nonPolycomb_down_vs_polycomb_nonDE
MA1047.3,MA1047.3	TGA5,117,1541,1.0788658391074082,0.5929590992675517,0.9913559640365757,nonPolycomb_down_vs_polycomb_nonDE
MA1054.2,MA1054.2	ARALYDRAFT_897773,59,718,1.1671232667054394,0.3331321275079772,0.892008639245956,nonPolycomb_down_vs_polycomb_nonDE
MA1059.3,MA1059.3	SPL5,236,3233,1.0219610269099908,1.0,1.0,nonPolycomb_down_vs_polycomb_nonDE
MA1083.3,MA1083.3	WRKY30,101,1151,1.3488395184311779,0.030336963627566996,0.4339173483893083,nonPolycomb_down_vs_polycomb_nonDE
MA1167.2,MA1167.2	EFM,193,2532,1.2243532780410742,0.23592002539887177,0.7837787510473629,nonPolycomb_down_vs_polycomb_nonDE
MA1173.2,MA1173.2	MYB101,102,1246,1.2114391953531878,0.1692271961611343,0.7150901560661462,nonPolycomb_down_vs_polycomb_nonDE
MA1175.2,MA1175.2	MYB81,79,1051,1.0449072605748788,0.7747163025846752,1.0,nonPolycomb_down_vs_polycomb_nonDE
MA1182.2,MA1182.2	RVE8,236,3271,0.4617548150412718,0.10272796392562109,0.5851970305815891,nonPolycomb_down_vs_polycomb_nonDE
MA1183.2,MA1183.2	RVE6,148,2144,0.8602752367196277,0.29506130797743013,0.8666641597203115,nonPolycomb_down_vs_polycomb_nonDE
MA1184.2,MA1184.2	RVE1,119,1736,0.88045346377578,0.3502208292144868,0.892008639245956,nonPolycomb_down_vs_polycomb_nonDE
MA1185.2,MA1185.2	LHY,240,3289,1.0215871085436303,1.0,1.0,nonPolycomb_down_vs_polycomb_nonDE
MA1187.2,MA1187.2	RVE4,214,3015,0.7571033720287451,0.1965521409819192,0.7539094142174513,nonPolycomb_down_vs_polycomb_nonDE
MA1190.2,MA1190.2	RVE5,237,3284,0.3427984165651644,0.06646718005457689,0.5050420396688837,nonPolycomb_down_vs_polycomb_nonDE
MA1191.2,MA1191.2	RVE7L,226,3156,0.7017743979721166,0.20062026207690573,0.7539094142174513,nonPolycomb_down_vs_polycomb_nonDE
MA1197.2,MA1197.2	CAMTA1,201,2712,1.095049778761062,0.6632378739388467,1.0,nonPolycomb_down_vs_polycomb_nonDE
MA1210.3,MA1210.3	HAT22,174,2441,0.9170941686487676,0.5450105777674147,0.9811916220786361,nonPolycomb_down_vs_polycomb_nonDE
MA1211.2,MA1211.2	ATHB-X,205,2941,0.7009142770788469,0.07147227068535517,0.5050420396688837,nonPolycomb_down_vs_polycomb_nonDE
MA1213.3,MA1213.3	ZHD3,212,3046,0.6167953449407929,0.02654798553825989,0.4339173483893083,nonPolycomb_down_vs_polycomb_nonDE
MA1215.2,MA1215.2	ATHB-53,215,3025,0.7599491417673235,0.23200737658997445,0.7794405123640714,nonPolycomb_down_vs_polycomb_nonDE
MA1220.2,MA1220.2	TINY,132,1892,0.9031363345423512,0.45883861020595884,0.9326739388844495,nonPolycomb_down_vs_polycomb_nonDE
MA1223.2,MA1223.2	ERF035,172,2433,0.8913668936185422,0.4497541327039495,0.9326739388844495,nonPolycomb_down_vs_polycomb_nonDE
MA1229.2,MA1229.2	ERF034,72,964,1.0337106238797908,0.8259808896052441,1.0,nonPolycomb_down_vs_polycomb_nonDE
MA1230.2,MA1230.2	ERF037,157,2150,1.0023311184939092,1.0,1.0,nonPolycomb_down_vs_polycomb_nonDE
MA1234.2,MA1234.2	ERF017,212,2724,1.5538508278900198,0.027023866011507143,0.4339173483893083,nonPolycomb_down_vs_polycomb_nonDE
MA1241.2,MA1241.2	ERF043,134,1722,1.1497932202285974,0.31656700435559476,0.8782658764909119,nonPolycomb_down_vs_polycomb_nonDE
MA1245.3,MA1245.3	ERF112,226,2973,1.67238479650185,0.05591995374013383,0.4784592064668522,nonPolycomb_down_vs_polycomb_nonDE
MA1251.2,MA1251.2	RAP2-9,239,3234,2.5496289424860854,0.23456085545820204,0.7821601760074619,nonPolycomb_down_vs_polycomb_nonDE
MA1258.2,MA1258.2	DREB2A,153,2147,0.9361265190329,0.6254407409678199,1.0,nonPolycomb_down_vs_polycomb_nonDE
MA1259.2,MA1259.2	ERF023,229,3087,1.3352769679300291,0.41432630273305704,0.9326739388844495,nonPolycomb_down_vs_polycomb_nonDE
MA1260.2,MA1260.2	ERF013,98,1462,0.862971501822391,0.2830770982231387,0.850228438437726,nonPolycomb_down_vs_polycomb_nonDE
MA1263.2,MA1263.2	ERF055,237,3257,0.8368130181148296,0.7735812342293152,1.0,nonPolycomb_down_vs_polycomb_nonDE
MA1294.2,MA1294.2	MYB62,170,2597,0.6509135676593252,0.004649525671136645,0.20667351682762636,nonPolycomb_down_vs_polycomb_nonDE
MA1298.2,MA1298.2	WRKY29,230,3012,2.0201014125316914,0.022403115469213343,0.4339173483893083,nonPolycomb_down_vs_polycomb_nonDE
MA1305.2,MA1305.2	WRKY55,209,2796,1.1843146459227467,0.4569814121916298,0.9326739388844495,nonPolycomb_down_vs_polycomb_nonDE
MA1312.2,MA1312.2	WRKY47,224,2980,1.4281879194630873,0.21142141423634392,0.7703740715028716,nonPolycomb_down_vs_polycomb_nonDE
MA1317.2,MA1317.2	WRKY50,165,2013,1.3912855910267472,0.023502116134331494,0.4339173483893083,nonPolycomb_down_vs_polycomb_nonDE
MA1323.2,MA1323.2	GATA19,167,2218,1.103959008602832,0.522576540038415,0.9745346287202875,nonPolycomb_down_vs_polycomb_nonDE
MA1329.3,MA1329.3	ZHD1,185,2653,0.8093936783156535,0.1819119626484349,0.7280963086959947,nonPolycomb_down_vs_polycomb_nonDE
MA1357.2,MA1357.2	bHLH80,203,2706,1.178579764266542,0.433343981612186,0.9326739388844495,nonPolycomb_down_vs_polycomb_nonDE
MA1364.2,MA1364.2	BHLH72,95,1345,0.947242450476142,0.7342459244404576,1.0,nonPolycomb_down_vs_polycomb_nonDE
MA1382.2,MA1382.2	FAR1,77,1009,1.0674538905944064,0.6642823484936968,1.0,nonPolycomb_down_vs_polycomb_nonDE
MA1397.2,MA1397.2	AT1G74840,49,733,0.8947959299681674,0.5732228635160677,0.9913559640365757,nonPolycomb_down_vs_polycomb_nonDE
MA1401.2,MA1401.2	RVE7,195,2637,1.0706336251669386,0.739395291904893,1.0,nonPolycomb_down_vs_polycomb_nonDE
MA1405.2,MA1405.2	SIZF2,94,1377,0.8944022053265751,0.4564469799513087,0.9326739388844495,nonPolycomb_down_vs_polycomb_nonDE
MA1406.2,MA1406.2	ATHB-4,221,3140,0.5736146496815286,0.03302579091695899,0.4339173483893083,nonPolycomb_down_vs_polycomb_nonDE
MA1409.2,MA1409.2	OsRR22,180,2247,1.3867670555275886,0.03132877911422822,0.4339173483893083,nonPolycomb_down_vs_polycomb_nonDE
MA1415.2,MA1415.2	REF6,224,3078,0.9631922944616443,0.8945182728785934,1.0,nonPolycomb_down_vs_polycomb_nonDE
MA1424.2,MA1424.2	ERF019,35,530,0.8889448616962814,0.5849719606508793,0.9913559640365757,nonPolycomb_down_vs_polycomb_nonDE
MA1430.2,MA1430.2	TB1,204,2684,1.2715591895919764,0.22863677406327734,0.7719387292377334,nonPolycomb_down_vs_polycomb_nonDE
MA1672.2,MA1672.2	GBF2,210,2817,1.168710708028445,0.5079021321865287,0.9521642024465226,nonPolycomb_down_vs_polycomb_nonDE
MA1694.2,MA1694.2	ARF35,190,2391,1.4210150810637932,0.029647399644352947,0.4339173483893083,nonPolycomb_down_vs_polycomb_nonDE
MA1698.2,MA1698.2	ARF7,122,1563,1.1413087307859804,0.3496879954695047,0.892008639245956,nonPolycomb_down_vs_polycomb_nonDE
MA1744.2,MA1744.2	BZIP30,132,1596,1.2952334965855004,0.06144755158516886,0.4834952085254076,nonPolycomb_down_vs_polycomb_nonDE
MA1765.2,MA1765.2	MYB121,241,3302,inf,1.0,1.0,nonPolycomb_down_vs_polycomb_nonDE
MA1776.3,MA1776.3	MYB67,154,2143,0.9581583449992223,0.780006132627706,1.0,nonPolycomb_down_vs_polycomb_nonDE
MA1810.2,MA1810.2	GLYMA-08G357600,215,2942,1.014681273858704,1.0,1.0,nonPolycomb_down_vs_polycomb_nonDE
MA1812.2,MA1812.2	ASR1,148,2037,0.9890572790473023,0.9453608600174574,1.0,nonPolycomb_down_vs_polycomb_nonDE
MA1813.2,MA1813.2	EIL4,107,1408,1.0746957683175034,0.590349392533331,0.9913559640365757,nonPolycomb_down_vs_polycomb_nonDE
MA1820.2,MA1820.2	Zm00001d024324,93,1299,0.9694151426253043,0.837935360373576,1.0,nonPolycomb_down_vs_polycomb_nonDE
MA2014.2,MA2014.2	BAM8,199,2675,1.112345349354695,0.6092015468647811,0.9971784444118771,nonPolycomb_down_vs_polycomb_nonDE
MA2027.2,MA2027.2	MYB44,158,2025,1.2013922356091031,0.19335699071326323,0.7539094142174513,nonPolycomb_down_vs_polycomb_nonDE
MA2029.2,MA2029.2	MYB88,27,319,1.180206837957402,0.43117572992715547,0.9326739388844495,nonPolycomb_down_vs_polycomb_nonDE
MA2032.2,MA2032.2	TRB1,232,3198,0.8463623097769439,0.5717411754363672,0.9913559640365757,nonPolycomb_down_vs_polycomb_nonDE
MA2039.2,MA2039.2	ASIL2,200,2623,1.2646104348958092,0.21344304798157848,0.7703740715028716,nonPolycomb_down_vs_polycomb_nonDE
MA2040.2,MA2040.2	ENAP2,202,2689,1.1826720447025394,0.38978653958014614,0.9249696455116165,nonPolycomb_down_vs_polycomb_nonDE
MA2042.2,MA2042.2	MYB58,229,3088,1.3286647236614852,0.4141328426799963,0.9326739388844495,nonPolycomb_down_vs_polycomb_nonDE
MA2053.2,MA2053.2	NAC105,190,2442,1.3135327841210194,0.09374352580896408,0.5661734613430088,nonPolycomb_down_vs_polycomb_nonDE
MA2079.1,MA2079.1	PK19717.1,191,2619,0.9976632302405498,1.0,1.0,nonPolycomb_down_vs_polycomb_nonDE
MA2372.1,MA2372.1	AZF1,166,2029,1.3897420732709052,0.023216852058263467,0.4339173483893083,nonPolycomb_down_vs_polycomb_nonDE
MA2377.1,MA2377.1	cassava45561.m1,113,1435,1.1491942508710802,0.3132166806518206,0.8782658764909119,nonPolycomb_down_vs_polycomb_nonDE
MA2380.1,MA2380.1	DOF4.7,229,3095,1.2824986537425955,0.4899664607597456,0.9406055570502013,nonPolycomb_down_vs_polycomb_nonDE
MA2418.1,MA2418.1	IG1,141,1669,1.3804313960455363,0.01933974053540323,0.4261563188728182,nonPolycomb_down_vs_polycomb_nonDE
MA2452.1,MA2452.1	SPL8A,221,3075,0.8193170731707317,0.43122295047658565,0.9326739388844495,nonPolycomb_down_vs_polycomb_nonDE
MA2453.1,MA2453.1	SPL8B,53,656,1.1375437856772184,0.4526753493095918,0.9326739388844495,nonPolycomb_down_vs_polycomb_nonDE
MA2499.1,MA2499.1	LSH2,241,3303,,1.0,1.0,nonPolycomb_down_vs_polycomb_nonDE
MA2618.1,MA2618.1	ereb102,37,478,1.0719193535154647,0.7049726458996335,1.0,nonPolycomb_down_vs_polycomb_nonDE
MA2622.1,MA2622.1	hb34,206,2875,0.8762037267080746,0.48819883051339275,0.9406055570502013,nonPolycomb_down_vs_polycomb_nonDE
MA2641.1,MA2641.1	GLYMA-01G038600,234,3206,1.0114071829605205,1.0,1.0,nonPolycomb_down_vs_polycomb_nonDE
MA2643.1,MA2643.1	SNAC23,73,853,1.248046111762407,0.12927325009402202,0.6406525156593246,nonPolycomb_down_vs_polycomb_nonDE
MA2648.1,MA2648.1	GLYMA-19G146000,28,413,0.9198694994827723,0.7619801583640424,1.0,nonPolycomb_down_vs_polycomb_nonDE
MA2651.1,MA2651.1	GLYMA-20G154400,228,2991,1.8294884653961885,0.03669214323372667,0.4339173483893083,nonPolycomb_down_vs_polycomb_nonDE
MA2655.1,MA2655.1	GLYMA-08G218600,241,3302,inf,1.0,1.0,nonPolycomb_down_vs_polycomb_nonDE
MA2658.1,MA2658.1	GLYMA-19G094100,53,474,1.682568004309184,0.002538448445452119,0.1809703906525645,nonPolycomb_down_vs_polycomb_nonDE
MA2662.1,MA2662.1	GLYMA-13G153200,240,3291,0.8751139471285324,0.6003368905318965,0.9913559640365757,nonPolycomb_down_vs_polycomb_nonDE
MA2665.1,MA2665.1	GLYMA-11G053600,225,3085,0.9937196110210696,1.0,1.0,nonPolycomb_down_vs_polycomb_nonDE
MA2670.1,MA2670.1	GLYMA-15G168800,188,2701,0.7905946784209902,0.14467239200482024,0.6587367290777856,nonPolycomb_down_vs_polycomb_nonDE
MA2725.1,MA2725.1	SlWRKY6,148,1537,1.8285026689333361,9.308680781380816e-06,0.008349886660898592,nonPolycomb_down_vs_polycomb_nonDE
MA2729.1,MA2729.1	vahox1,140,2177,0.7169462927000095,0.01693330963227274,0.39387615124152187,nonPolycomb_down_vs_polycomb_nonDE
MA2743.1,MA2743.1	SlWRKY23,236,3233,1.0219610269099908,1.0,1.0,nonPolycomb_down_vs_polycomb_nonDE
MA2747.1,MA2747.1	TraesCS6A02G290800,154,2404,0.6619523017193566,0.003645737630181848,0.1809703906525645,nonPolycomb_down_vs_polycomb_nonDE
MA2748.1,MA2748.1	TraesCS6B02G321100,235,3273,0.358997861289337,0.03227598742327853,0.4339173483893083,nonPolycomb_down_vs_polycomb_nonDE
MA2750.1,MA2750.1	TraesCS7B02G142200,159,2180,0.9988643991944507,1.0,1.0,nonPolycomb_down_vs_polycomb_nonDE
MA0001.3,MA0001.3	AGL3,102,1239,1.2224293204661452,0.1484961916616479,0.6626919598034735,nonPolycomb_down_vs_polycomb_nonDE
MA0123.1,MA0123.1	abi4,166,2279,0.9944946614011994,1.0,1.0,nonPolycomb_down_vs_polycomb_nonDE
MA0549.2,MA0549.2	BZR2,54,851,0.8320378039048115,0.2839444952361042,0.850228438437726,nonPolycomb_down_vs_polycomb_nonDE
MA0550.3,MA0550.3	BZR1,50,700,0.9734480179506357,0.9349428229032701,1.0,nonPolycomb_down_vs_polycomb_nonDE
MA0563.2,MA0563.2	SEP3,240,3299,0.29099727190057595,0.2969522686124395,0.8676422962389518,nonPolycomb_down_vs_polycomb_nonDE
MA0570.3,MA0570.3	ABF1,171,2332,1.0171587846116148,0.9417085426143597,1.0,nonPolycomb_down_vs_polycomb_nonDE
MA0589.2,MA0589.2	WRKY1,130,1700,1.1043455219925808,0.46361772929457523,0.9326739388844495,nonPolycomb_down_vs_polycomb_nonDE
MA0960.1,MA0960.1	BHLH104,113,1458,1.117139274691358,0.42070659250157993,0.9326739388844495,nonPolycomb_down_vs_polycomb_nonDE
MA0968.3,MA0968.3	BZIP68,230,3192,0.7271018455228981,0.35627899395082285,0.9003515947358107,nonPolycomb_down_vs_polycomb_nonDE
MA0976.3,MA0976.3	CRF4,79,935,1.2350432428863802,0.14026030637672465,0.6584086554461465,nonPolycomb_down_vs_polycomb_nonDE
MA1000.3,MA1000.3	ERF105,94,1204,1.1147987434176327,0.446372245716141,0.9326739388844495,nonPolycomb_down_vs_polycomb_nonDE
MA1001.4,MA1001.4	ERF076,211,2805,1.248698752228164,0.30280912218016726,0.873375506738296,nonPolycomb_down_vs_polycomb_nonDE
MA1068.3,MA1068.3	TGA2,91,1019,1.3597906444226366,0.030689997206620592,0.4339173483893083,nonPolycomb_down_vs_polycomb_nonDE
MA1069.3,MA1069.3	TGA6,231,3151,1.1143129165344334,0.8734360992537467,1.0,nonPolycomb_down_vs_polycomb_nonDE
MA1070.3,MA1070.3	TGA7,26,313,1.1552121257151349,0.49599378872323885,0.9406055570502013,nonPolycomb_down_vs_polycomb_nonDE
MA1087.3,MA1087.3	WRKY45,116,1363,1.3208510638297872,0.04220345105321009,0.4616645804235299,nonPolycomb_down_vs_polycomb_nonDE
MA1163.3,MA1163.3	PHL11,192,2575,1.1077947295423023,0.5730472490549826,0.9913559640365757,nonPolycomb_down_vs_polycomb_nonDE
MA1174.2,MA1174.2	MYB56,78,920,1.2394905308082156,0.13808409739150956,0.6584086554461465,nonPolycomb_down_vs_polycomb_nonDE
MA1176.2,MA1176.2	MYB119,238,3282,0.5076173065204144,0.22099461816346866,0.7713314104771649,nonPolycomb_down_vs_polycomb_nonDE
MA1181.2,MA1181.2	MYB113,184,2617,0.8461811770542137,0.2872009106428439,0.850228438437726,nonPolycomb_down_vs_polycomb_nonDE
MA1240.2,MA1240.2	ERF077,231,3064,1.801860313315927,0.08791248162469123,0.5454850255143563,nonPolycomb_down_vs_polycomb_nonDE
MA1243.2,MA1243.2	DREB2E,100,1296,1.0983057525610718,0.49528749762871804,0.9406055570502013,nonPolycomb_down_vs_polycomb_nonDE
MA1246.2,MA1246.2	LEP,234,3183,1.2602665948566043,0.7190683071487702,1.0,nonPolycomb_down_vs_polycomb_nonDE
MA1247.2,MA1247.2	ERF087,49,769,0.8409595795405288,0.3418132735130083,0.892008639245956,nonPolycomb_down_vs_polycomb_nonDE
MA1252.2,MA1252.2	ERF086,161,2161,1.0635238315594633,0.725665310494817,1.0,nonPolycomb_down_vs_polycomb_nonDE
MA1261.2,MA1261.2	ERF122,143,1897,1.081503555560337,0.5895358346360585,0.9913559640365757,nonPolycomb_down_vs_polycomb_nonDE
MA1293.2,MA1293.2	MYB57,118,1777,0.8238421382525587,0.16007467971493852,0.6981310367137542,nonPolycomb_down_vs_polycomb_nonDE
MA1296.2,MA1296.2	WRKY46,95,1037,1.4218438329744654,0.012111530977949715,0.3598623589181434,nonPolycomb_down_vs_polycomb_nonDE
MA1299.2,MA1299.2	WRKY17,241,3298,inf,1.0,1.0,nonPolycomb_down_vs_polycomb_nonDE
MA1301.2,MA1301.2	WRKY33,183,2261,1.4540865347954064,0.017125050053979213,0.39387615124152187,nonPolycomb_down_vs_polycomb_nonDE
MA1302.2,MA1302.2	WRKY65,241,3218,inf,0.0038332635701212106,0.1809703906525645,nonPolycomb_down_vs_polycomb_nonDE
MA1303.2,MA1303.2	WRKY22,143,1617,1.5214493960849647,0.0020962116858448043,0.1809703906525645,nonPolycomb_down_vs_polycomb_nonDE
MA1304.2,MA1304.2	WRKY59,143,1764,1.2730633069554351,0.08177786877317764,0.5326728333417291,nonPolycomb_down_vs_polycomb_nonDE
MA1308.2,MA1308.2	WRKY70,215,2767,1.601845931444775,0.027895889781121837,0.4339173483893083,nonPolycomb_down_vs_polycomb_nonDE
MA1314.2,MA1314.2	WRKY14,229,2999,1.9344225853062131,0.02549996757014135,0.4339173483893083,nonPolycomb_down_vs_polycomb_nonDE
MA1316.2,MA1316.2	WRKY71,240,3239,4.742204384069157,0.1286011095988584,0.6406525156593246,nonPolycomb_down_vs_polycomb_nonDE
MA1331.2,MA1331.2	BEH4,97,1529,0.7815474892813022,0.0709142877097392,0.5050420396688837,nonPolycomb_down_vs_polycomb_nonDE
MA1332.2,MA1332.2	BEH2,99,1556,0.7827627720047793,0.07132385960898462,0.5050420396688837,nonPolycomb_down_vs_polycomb_nonDE
MA1333.2,MA1333.2	BEH3,53,904,0.7481347674637545,0.07150539469113516,0.5050420396688837,nonPolycomb_down_vs_polycomb_nonDE
MA1344.2,MA1344.2	BZIP28,219,3072,0.74853515625,0.24165022424870225,0.7882190950948579,nonPolycomb_down_vs_polycomb_nonDE
MA1346.2,MA1346.2	TGA10,94,1288,1.00039083956564,1.0,1.0,nonPolycomb_down_vs_polycomb_nonDE
MA1349.2,MA1349.2	BZIP16,207,2853,0.9602894785674522,0.8458335401193704,1.0,nonPolycomb_down_vs_polycomb_nonDE
MA1369.2,MA1369.2	HDG1,228,3213,0.491273432449903,0.026475080009180547,0.4339173483893083,nonPolycomb_down_vs_polycomb_nonDE
MA1372.2,MA1372.2	ZAT10,158,2072,1.1309601339721822,0.4074301437361957,0.9326739388844495,nonPolycomb_down_vs_polycomb_nonDE
MA1375.2,MA1375.2	ANL2,236,3248,0.7992610837438424,0.6012236838750247,0.9913559640365757,nonPolycomb_down_vs_polycomb_nonDE
MA1383.2,MA1383.2	KAN2,107,1563,0.8889334517432034,0.385836693455365,0.9249696455116165,nonPolycomb_down_vs_polycomb_nonDE
MA1385.2,MA1385.2	AT2G40260,155,2463,0.6146786392091323,0.0007912572102715553,0.14195154352271705,nonPolycomb_down_vs_polycomb_nonDE
MA1391.3,MA1391.3	MYB33,38,516,1.0110551036773971,0.9269337485236011,1.0,nonPolycomb_down_vs_polycomb_nonDE
MA1396.2,MA1396.2	GATA6,139,1865,1.0507385796141513,0.7367948322988901,1.0,nonPolycomb_down_vs_polycomb_nonDE
MA1665.3,MA1665.3	HSFB2A,84,1158,0.9910564007788522,1.0,1.0,nonPolycomb_down_vs_polycomb_nonDE
MA1688.2,MA1688.2	ARF16,96,1267,1.0639087717388347,0.6808206087921591,1.0,nonPolycomb_down_vs_polycomb_nonDE
MA1735.2,MA1735.2	AT2G38300,204,2922,0.718907819523836,0.078915745352987,0.5302916197341532,nonPolycomb_down_vs_polycomb_nonDE
MA1742.2,MA1742.2	BIZP18,236,3267,0.5201101928374655,0.19732182339953583,0.7539094142174513,nonPolycomb_down_vs_polycomb_nonDE
MA1757.2,MA1757.2	HDG7,176,2646,0.6723181580324438,0.010161101907412522,0.3375743855907049,nonPolycomb_down_vs_polycomb_nonDE
MA1762.2,MA1762.2	MYB10,230,3164,0.9185725778646132,0.7404082700034885,1.0,nonPolycomb_down_vs_polycomb_nonDE
MA1764.2,MA1764.2	MYB116,53,779,0.9134187310518121,0.6367463934835097,1.0,nonPolycomb_down_vs_polycomb_nonDE
MA1770.2,MA1770.2	MYB40,224,3097,0.8764458964082888,0.5828299989288622,0.9913559640365757,nonPolycomb_down_vs_polycomb_nonDE
MA1771.2,MA1771.2	MYB41,151,2136,0.9166510611735331,0.5308378347097408,0.9811916220786361,nonPolycomb_down_vs_polycomb_nonDE
MA1774.2,MA1774.2	MYB60,221,2975,1.2182857142857142,0.5005251156919316,0.9471962632397947,nonPolycomb_down_vs_polycomb_nonDE
MA1781.2,MA1781.2	MYB94,241,3296,inf,1.0,1.0,nonPolycomb_down_vs_polycomb_nonDE
MA1785.2,MA1785.2	NAC018,43,584,1.0111128407361285,0.9304384607954559,1.0,nonPolycomb_down_vs_polycomb_nonDE
MA1787.2,MA1787.2	NAC047,224,3111,0.813205513642294,0.39685779115318226,0.9308499271516045,nonPolycomb_down_vs_polycomb_nonDE
MA1803.2,MA1803.2	VIP1,121,1519,1.1842440201887205,0.22837553276100067,0.7719387292377334,nonPolycomb_down_vs_polycomb_nonDE
MA1808.3,MA1808.3	GLYMA-06G314400,121,1821,0.8206205381658429,0.14079144873789626,0.6584086554461465,nonPolycomb_down_vs_polycomb_nonDE
MA1814.2,MA1814.2	RIN,232,3218,0.680892203577101,0.2941822048249158,0.8666641597203115,nonPolycomb_down_vs_polycomb_nonDE
MA1817.2,MA1817.2	Zm00001d020267,214,2882,1.1578122188809212,0.5472744956619,0.9811916220786361,nonPolycomb_down_vs_polycomb_nonDE
MA1818.1,MA1818.1	Zm00001d052229,110,1591,0.903555783726208,0.4631381666803893,0.9326739388844495,nonPolycomb_down_vs_polycomb_nonDE
MA1821.2,MA1821.2	Zm00001d020595,97,1291,1.0498106549617006,0.7328117941948892,1.0,nonPolycomb_down_vs_polycomb_nonDE
MA1831.2,MA1831.2	Zm00001d031796,104,1487,0.927080930104703,0.5920228850005032,0.9913559640365757,nonPolycomb_down_vs_polycomb_nonDE
MA1832.2,MA1832.2	Zm00001d002364,238,3229,1.8181067409930836,0.48779747013259167,0.9406055570502013,nonPolycomb_down_vs_polycomb_nonDE
MA2020.2,MA2020.2	HSFB4,236,3216,1.276865671641791,0.8327477228363453,1.0,nonPolycomb_down_vs_polycomb_nonDE
MA2023.2,MA2023.2	PHL4,168,2329,0.9624449319773904,0.8263733784526595,1.0,nonPolycomb_down_vs_polycomb_nonDE
MA2026.2,MA2026.2	MYB108,188,2655,0.8657499200511672,0.3581434164935767,0.9024006870638718,nonPolycomb_down_vs_polycomb_nonDE
MA2041.2,MA2041.2	MYB13,230,3127,1.1768468180364566,0.7647477268438738,1.0,nonPolycomb_down_vs_polycomb_nonDE
MA2388.1,MA2388.1	GATA1,110,1494,1.0167387105674608,0.9465769805918011,1.0,nonPolycomb_down_vs_polycomb_nonDE
MA2409.1,MA2409.1	ZmbZIP25,240,3302,0.0726832222895215,0.13139809588614307,0.6433334185992834,nonPolycomb_down_vs_polycomb_nonDE
MA2411.1,MA2411.1	ZmbZIP57,166,2177,1.1447925279436533,0.36035001060606076,0.905417253539598,nonPolycomb_down_vs_polycomb_nonDE
MA2412.1,MA2412.1	ZmbZIP72,122,1716,0.9481400951989187,0.6894182058907778,1.0,nonPolycomb_down_vs_polycomb_nonDE
MA2415.1,MA2415.1	EREB138,80,999,1.1459907112081025,0.34618405216507914,0.892008639245956,nonPolycomb_down_vs_polycomb_nonDE
MA2416.1,MA2416.1	EREB29,209,2711,1.4262264846919956,0.0792185920227163,0.5302916197341532,nonPolycomb_down_vs_polycomb_nonDE
MA2417.1,MA2417.1	EREB71,186,2286,1.5045096635647817,0.008877056425435135,0.3263668178782464,nonPolycomb_down_vs_polycomb_nonDE
MA2419.1,MA2419.1	UB3,185,2562,0.9554826028772164,0.7498794867235117,1.0,nonPolycomb_down_vs_polycomb_nonDE
MA2422.1,MA2422.1	OsbZIP42,164,2226,1.0304897259075156,0.8868254233927794,1.0,nonPolycomb_down_vs_polycomb_nonDE
MA2433.1,MA2433.1	SPL15D,184,2441,1.1399412090241992,0.4465674135769867,0.9326739388844495,nonPolycomb_down_vs_polycomb_nonDE
MA2454.1,MA2454.1	SPL8D1,172,2544,0.7437106918238994,0.04872123563952169,0.4784592064668522,nonPolycomb_down_vs_polycomb_nonDE
MA2610.1,MA2610.1	ereb97,167,2316,0.9617525556644727,0.771324158543004,1.0,nonPolycomb_down_vs_polycomb_nonDE
MA2626.1,MA2626.1	bzip40,196,2613,1.1501467023855083,0.4590489811103394,0.9326739388844495,nonPolycomb_down_vs_polycomb_nonDE
MA2644.1,MA2644.1	GLYMA-14G030700,14,251,0.7499166330273619,0.3740838982397092,0.9236816577031369,nonPolycomb_down_vs_polycomb_nonDE
MA2653.1,MA2653.1	GLYMA-03G042700,241,3303,,1.0,1.0,nonPolycomb_down_vs_polycomb_nonDE
MA2656.1,MA2656.1	GLYMA-14G006800,232,3175,1.0392300962379704,1.0,1.0,nonPolycomb_down_vs_polycomb_nonDE
MA2657.1,MA2657.1	GLYMA-14G028900,241,3303,,1.0,1.0,nonPolycomb_down_vs_polycomb_nonDE
MA2661.1,MA2661.1	GLYMA-03G081700,116,1708,0.8666042154566744,0.28637029746344367,0.850228438437726,nonPolycomb_down_vs_polycomb_nonDE
MA2672.1,MA2672.1	GLYMA-01G233000,234,3186,1.2276029055690072,0.7185015451656422,1.0,nonPolycomb_down_vs_polycomb_nonDE
MA2716.1,MA2716.1	dreb3,231,3063,1.8099902056807051,0.06840919383928377,0.5050420396688837,nonPolycomb_down_vs_polycomb_nonDE
MA2719.1,MA2719.1	lat61,103,1597,0.7973192489541078,0.09530902192061799,0.5661734613430088,nonPolycomb_down_vs_polycomb_nonDE
MA2720.1,MA2720.1	nacnor,104,1419,1.0078856807765313,1.0,1.0,nonPolycomb_down_vs_polycomb_nonDE
MA2723.1,MA2723.1	Solyc06g060230,152,2074,1.0120377493417703,0.9451017291916781,1.0,nonPolycomb_down_vs_polycomb_nonDE
MA2730.1,MA2730.1	Solyc01g079480,135,1922,0.9150992480317279,0.5429735207408054,0.9811916220786361,nonPolycomb_down_vs_polycomb_nonDE
MA2735.1,MA2735.1	SlbHLH014,106,1641,0.7952332588530029,0.0952026350314652,0.5661734613430088,nonPolycomb_down_vs_polycomb_nonDE
MA2737.1,MA2737.1	SlERF36,146,1957,1.0570206814942313,0.734235190501796,1.0,nonPolycomb_down_vs_polycomb_nonDE
MA2738.1,MA2738.1	Cnr,7,79,1.2208157524613221,0.5203958571324334,0.9724897580162349,nonPolycomb_down_vs_polycomb_nonDE
MA2740.1,MA2740.1	SlTCP15,32,307,1.4941944734504309,0.052786924980500326,0.4784592064668522,nonPolycomb_down_vs_polycomb_nonDE
MA2742.1,MA2742.1	SlWRKY11,237,3249,0.9847645429362881,1.0,1.0,nonPolycomb_down_vs_polycomb_nonDE
MA2751.1,MA2751.1	TraesCS2B02G304400,135,1880,0.9639953833801687,0.7879700476013187,1.0,nonPolycomb_down_vs_polycomb_nonDE
MA2753.1,MA2753.1	cpp8,228,3127,0.9871343878379376,0.8826496178806735,1.0,nonPolycomb_down_vs_polycomb_nonDE
MA2761.1,MA2761.1	myb100,39,707,0.7089220944725307,0.05951656638660387,0.4793652503791145,nonPolycomb_down_vs_polycomb_nonDE
MA2762.1,MA2762.1	myb53,106,1488,0.9577359617682198,0.7885995382246066,1.0,nonPolycomb_down_vs_polycomb_nonDE
MA0954.3,MA0954.3	ATHB-7,93,1258,1.0214894942637391,0.8908281099514244,1.0,nonPolycomb_down_vs_polycomb_nonDE
MA0994.3,MA0994.3	ERF8,34,501,0.9186265150857705,0.7099273844730596,1.0,nonPolycomb_down_vs_polycomb_nonDE
MA1062.3,MA1062.3	TCP15,81,949,1.2557560590094836,0.12254144512893717,0.6324105803971362,nonPolycomb_down_vs_polycomb_nonDE
MA1065.3,MA1065.3	TCP20,36,386,1.327082016934159,0.14830720056219834,0.6626919598034735,nonPolycomb_down_vs_polycomb_nonDE
MA1079.3,MA1079.3	WRKY21,232,3006,2.5469061876247503,0.00287546611764248,0.1809703906525645,nonPolycomb_down_vs_polycomb_nonDE
MA1094.3,MA1094.3	WRKY8,188,2371,1.3943324606288248,0.037145809772430274,0.4339173483893083,nonPolycomb_down_vs_polycomb_nonDE
MA1186.2,MA1186.2	YAB4,81,1175,0.9168510638297872,0.5770535131945673,0.9913559640365757,nonPolycomb_down_vs_polycomb_nonDE
MA1192.2,MA1192.2	DIV1,212,2945,0.8886599145249107,0.5922070498085825,0.9913559640365757,nonPolycomb_down_vs_polycomb_nonDE
MA1208.2,MA1208.2	GT-2,238,3290,0.31347517730496455,0.09014191283036893,0.5524933573947921,nonPolycomb_down_vs_polycomb_nonDE
MA1214.2,MA1214.2	ATHB-40,176,2596,0.7374185136897001,0.05199066813516036,0.4784592064668522,nonPolycomb_down_vs_polycomb_nonDE
MA1235.1,MA1235.1	AIL7,63,781,1.1429167445942252,0.38903574084361514,0.9249696455116165,nonPolycomb_down_vs_polycomb_nonDE
MA1242.1,MA1242.1	DREB2F,29,313,1.3067394056302368,0.2126903649029025,0.7703740715028716,nonPolycomb_down_vs_polycomb_nonDE
MA1256.2,MA1256.2	RAP2-12,208,2778,1.191177433078081,0.4099089692797967,0.9326739388844495,nonPolycomb_down_vs_polycomb_nonDE
MA1266.2,MA1266.2	RAP2-11,161,1987,1.3328887770508304,0.04747839579928409,0.4784592064668522,nonPolycomb_down_vs_polycomb_nonDE
MA1273.2,MA1273.2	DOF4.2,155,2294,0.792740414833438,0.09721057870957014,0.5713358902985939,nonPolycomb_down_vs_polycomb_nonDE
MA1277.2,MA1277.2	DOF1.7,150,2137,0.8993813860449331,0.4436741682111817,0.9326739388844495,nonPolycomb_down_vs_polycomb_nonDE
MA1282.2,MA1282.2	TCP13,142,1772,1.2392662516816015,0.12358707745666325,0.6324105803971362,nonPolycomb_down_vs_polycomb_nonDE
MA1284.2,MA1284.2	TCP1,191,2400,1.437275,0.028829749667764627,0.4339173483893083,nonPolycomb_down_vs_polycomb_nonDE
MA1285.2,MA1285.2	TCP9,80,970,1.1951078952423642,0.21448654815842938,0.7703740715028716,nonPolycomb_down_vs_polycomb_nonDE
MA1287.2,MA1287.2	TCP21,165,2050,1.32698973042362,0.053455496719374634,0.4784592064668522,nonPolycomb_down_vs_polycomb_nonDE
MA1288.2,MA1288.2	TCP22,222,2933,1.4739713244926158,0.1341386307008623,0.6468943641864165,nonPolycomb_down_vs_polycomb_nonDE
MA1290.1,MA1290.1	TCP17,179,2120,1.6110544735240413,0.0016073861436510324,0.180228171356872,nonPolycomb_down_vs_polycomb_nonDE
MA1291.1,MA1291.1	TCP7,104,1391,1.0434545330513678,0.7870625115157042,1.0,nonPolycomb_down_vs_polycomb_nonDE
MA1297.2,MA1297.2	WRKY26,241,3279,inf,0.40442762960281775,0.9326739388844495,nonPolycomb_down_vs_polycomb_nonDE
MA1306.2,MA1306.2	WRKY11,241,3254,inf,0.07655131615697874,0.5240408463351562,nonPolycomb_down_vs_polycomb_nonDE
MA1309.1,MA1309.1	WRKY3,101,1207,1.2527873121079418,0.09745194115460967,0.5713358902985939,nonPolycomb_down_vs_polycomb_nonDE
MA1313.2,MA1313.2	WRKY7,220,2850,1.6651629072681704,0.030441022895660166,0.4339173483893083,nonPolycomb_down_vs_polycomb_nonDE
MA1315.2,MA1315.2	WRKY24,211,2714,1.5263940063866372,0.03466592503668609,0.4339173483893083,nonPolycomb_down_vs_polycomb_nonDE
MA1318.2,MA1318.2	WRKY27,241,3296,inf,1.0,1.0,nonPolycomb_down_vs_polycomb_nonDE
MA1335.1,MA1335.1	TGA4,104,1489,0.9248160476094768,0.5918115421624772,0.9913559640365757,nonPolycomb_down_vs_polycomb_nonDE
MA1336.2,MA1336.2	TGA3,185,2322,1.3956949058693244,0.03347490556877661,0.4339173483893083,nonPolycomb_down_vs_polycomb_nonDE
MA1338.3,MA1338.3	DPBF3,84,1383,0.7427774016607486,0.03561651097447485,0.4339173483893083,nonPolycomb_down_vs_polycomb_nonDE
MA1348.1,MA1348.1	TGA9,193,2537,1.2140158980423073,0.2670097870517866,0.8321568836414737,nonPolycomb_down_vs_polycomb_nonDE
MA1353.2,MA1353.2	AT1G72740,226,3135,0.8074003189792663,0.449165984486598,0.9326739388844495,nonPolycomb_down_vs_polycomb_nonDE
MA1355.2,MA1355.2	TRB2,187,2780,0.6514854782840395,0.011076634381112808,0.34261175999510995,nonPolycomb_down_vs_polycomb_nonDE
MA1666.3,MA1666.3	HSFB2B,216,2928,1.1065573770491803,0.7515513502773274,1.0,nonPolycomb_down_vs_polycomb_nonDE
MA1685.2,MA1685.2	ARF10,176,2390,1.0343611200514966,0.88138889875612,1.0,nonPolycomb_down_vs_polycomb_nonDE
MA1696.2,MA1696.2	ARF39,18,184,1.3682491713784364,0.2471771553198927,0.7946878434478271,nonPolycomb_down_vs_polycomb_nonDE
MA1746.1,MA1746.1	BZIP69,137,1696,1.2481801070391871,0.10898598398063447,0.599757224727786,nonPolycomb_down_vs_polycomb_nonDE
MA1754.2,MA1754.2	ERF073,201,2659,1.217036479879654,0.3101786789198877,0.8782658764909119,nonPolycomb_down_vs_polycomb_nonDE
MA1766.2,MA1766.2	MYB17,181,2404,1.1281128674431502,0.4536229555464893,0.9326739388844495,nonPolycomb_down_vs_polycomb_nonDE
MA1773.2,MA1773.2	MYB51,147,1926,1.1180652217140585,0.4564469799513087,0.9326739388844495,nonPolycomb_down_vs_polycomb_nonDE
MA1777.2,MA1777.2	MYB74,189,2650,0.8956240928882439,0.5038388361532171,0.949738358688579,nonPolycomb_down_vs_polycomb_nonDE
MA1833.2,MA1833.2	Zm00001d049364,77,1078,0.9690766550522648,0.8868287147808255,1.0,nonPolycomb_down_vs_polycomb_nonDE
MA2013.2,MA2013.2	ERF115,215,2747,1.6737139816863151,0.01469647922025058,0.3766497674447077,nonPolycomb_down_vs_polycomb_nonDE
MA2024.2,MA2024.2	MYB63,137,1685,1.264928098607624,0.08290085586467281,0.5326728333417291,nonPolycomb_down_vs_polycomb_nonDE
MA2028.2,MA2028.2	MYB49,239,3285,0.6547945205479452,0.642533151216854,1.0,nonPolycomb_down_vs_polycomb_nonDE
MA2030.2,MA2030.2	MYB96,237,3272,0.56135391198044,0.2956513187005745,0.8666641597203115,nonPolycomb_down_vs_polycomb_nonDE
MA2375.1,MA2375.1	BMY2,241,3293,inf,1.0,1.0,nonPolycomb_down_vs_polycomb_nonDE
MA2413.1,MA2413.1	ZmbZIP96,213,2923,0.9889545965495332,0.9169609488629397,1.0,nonPolycomb_down_vs_polycomb_nonDE
MA2434.1,MA2434.1	SPL16A,201,2578,1.4131594259115594,0.05173211192662143,0.4784592064668522,nonPolycomb_down_vs_polycomb_nonDE
MA2449.1,MA2449.1	SPL6A,84,1090,1.0862619061532168,0.5708587843931923,0.9913559640365757,nonPolycomb_down_vs_polycomb_nonDE
MA2450.1,MA2450.1	SPL7A,180,2307,1.273955957278987,0.12549507615461564,0.6324105803971362,nonPolycomb_down_vs_polycomb_nonDE
MA2500.1,MA2500.1	LSH3,50,671,1.0268334360686948,0.8684548929535634,1.0,nonPolycomb_down_vs_polycomb_nonDE
MA2617.1,MA2617.1	ereb54,121,1507,1.2017031630170316,0.18063716002722113,0.7280963086959947,nonPolycomb_down_vs_polycomb_nonDE
MA2640.1,MA2640.1	GLYMA-19G062000,80,866,1.3983044769268285,0.01947871691614888,0.4261563188728182,nonPolycomb_down_vs_polycomb_nonDE
MA2650.1,MA2650.1	GLYMA-05G027400,214,2757,1.569661064764438,0.02948952869443856,0.4339173483893083,nonPolycomb_down_vs_polycomb_nonDE
MA2663.1,MA2663.1	GLYMA-02G261700,59,740,1.1227873477873478,0.472379345434235,0.935373670760505,nonPolycomb_down_vs_polycomb_nonDE
MA2708.1,MA2708.1	SlDof4,241,3303,,1.0,1.0,nonPolycomb_down_vs_polycomb_nonDE
MA2724.1,MA2724.1	SlTCP18,194,2626,1.0641376739965323,0.803896594652884,1.0,nonPolycomb_down_vs_polycomb_nonDE
MA2739.1,MA2739.1	SlTCP12,237,3166,2.5638818698673407,0.05902881165800909,0.4793652503791145,nonPolycomb_down_vs_polycomb_nonDE
MA2746.1,MA2746.1	HB-HD-ZIP-2A-2,224,3084,0.9356832227054246,0.7886364883821614,1.0,nonPolycomb_down_vs_polycomb_nonDE
MA2756.1,MA2756.1	dfo23,241,3298,inf,1.0,1.0,nonPolycomb_down_vs_polycomb_nonDE
MA0097.1,MA0097.1	bZIP911,68,925,1.0104921106077176,0.9408583516796397,1.0,nonPolycomb_down_vs_polycomb_nonDE
MA0551.2,MA0551.2	HY5,62,1049,0.7442469816957891,0.052304098127585893,0.4784592064668522,nonPolycomb_down_vs_polycomb_nonDE
MA0576.2,MA0576.2	RAX3,122,1507,1.221816397428248,0.14093028076439257,0.6584086554461465,nonPolycomb_down_vs_polycomb_nonDE
MA1156.2,MA1156.2	JKD,219,2927,1.2787526788210082,0.34102395882594116,0.892008639245956,nonPolycomb_down_vs_polycomb_nonDE
MA1157.2,MA1157.2	NUC,128,1660,1.1211429789956284,0.4233763747169849,0.9326739388844495,nonPolycomb_down_vs_polycomb_nonDE
MA1166.2,MA1166.2	PHL12,236,3244,0.8584463625154131,0.6208447767085011,1.0,nonPolycomb_down_vs_polycomb_nonDE
MA1170.2,MA1170.2	MYB118,214,2902,1.0952089236031346,0.7586915235001674,1.0,nonPolycomb_down_vs_polycomb_nonDE
MA1180.2,MA1180.2	MYB3R4,12,148,1.1170777764664228,0.7467849525237,1.0,nonPolycomb_down_vs_polycomb_nonDE
MA1244.2,MA1244.2	ABR1,203,2689,1.2198038793525279,0.30188158382405594,0.873375506738296,nonPolycomb_down_vs_polycomb_nonDE
MA1292.2,MA1292.2	MYB27,119,1806,0.8085207777354174,0.12332665045424425,0.6324105803971362,nonPolycomb_down_vs_polycomb_nonDE
MA1330.2,MA1330.2	ZHD6,190,2761,0.7313349099147084,0.060498525710795614,0.4802405094033953,nonPolycomb_down_vs_polycomb_nonDE
MA1339.1,MA1339.1	BZIP43,207,2721,1.3022245281795188,0.18641372592265493,0.7366216394388612,nonPolycomb_down_vs_polycomb_nonDE
MA1345.2,MA1345.2	BZIP48,221,3044,0.9401938239159001,0.8039669653117749,1.0,nonPolycomb_down_vs_polycomb_nonDE
MA1350.1,MA1350.1	BZIP42,147,2000,1.0188351063829788,0.9455883463031696,1.0,nonPolycomb_down_vs_polycomb_nonDE
MA1362.2,MA1362.2	bHLH77,191,2420,1.3938264462809917,0.041019215465331764,0.459261702830321,nonPolycomb_down_vs_polycomb_nonDE
MA1368.3,MA1368.3	GT-4,189,2698,0.8150268004789872,0.22891382606157978,0.7719387292377334,nonPolycomb_down_vs_polycomb_nonDE
MA1387.2,MA1387.2	HRS1,220,2980,1.1355065516139342,0.6531420186947511,1.0,nonPolycomb_down_vs_polycomb_nonDE
MA1389.2,MA1389.2	PHL1,220,3024,0.9665532879818595,0.9044189189149776,1.0,nonPolycomb_down_vs_polycomb_nonDE
MA1417.2,MA1417.2	O2,232,3118,1.5294704582709715,0.3022068478118042,0.873375506738296,nonPolycomb_down_vs_polycomb_nonDE
MA1682.2,MA1682.2	TCX3,170,2420,0.8736468397159819,0.3668767268331211,0.9153068396104826,nonPolycomb_down_vs_polycomb_nonDE
MA1690.2,MA1690.2	ARF25,173,2426,0.9196995780999951,0.5974158938829135,0.9913559640365757,nonPolycomb_down_vs_polycomb_nonDE
MA1695.2,MA1695.2	ARF36,219,3007,0.9798953955921033,0.9070872732667346,1.0,nonPolycomb_down_vs_polycomb_nonDE
MA1761.2,MA1761.2	HSFB3,217,2919,1.1894484412470023,0.5299765539256781,0.9811916220786361,nonPolycomb_down_vs_polycomb_nonDE
MA1768.2,MA1768.2	MYB30,174,2221,1.2651824174938007,0.11719876485441139,0.6261424416098025,nonPolycomb_down_vs_polycomb_nonDE
MA1769.2,MA1769.2	MYB39,219,3042,0.8540882194728349,0.461737131392037,0.9326739388844495,nonPolycomb_down_vs_polycomb_nonDE
MA1772.2,MA1772.2	MYB43,213,2930,0.9684178449536811,0.8336669119589106,1.0,nonPolycomb_down_vs_polycomb_nonDE
MA1778.2,MA1778.2	MYB80,168,2321,0.9736946167511642,0.8839950482570402,1.0,nonPolycomb_down_vs_polycomb_nonDE
MA1811.3,MA1811.3	GLYMA-13G317000,156,2248,0.8613146326146117,0.28480670995885016,0.850228438437726,nonPolycomb_down_vs_polycomb_nonDE
MA2104.1,MA2104.1	IDD11,35,406,1.2123367927686641,0.31206586069439385,0.8782658764909119,nonPolycomb_down_vs_polycomb_nonDE
MA2396.1,MA2396.1	IDD1,241,3303,,1.0,1.0,nonPolycomb_down_vs_polycomb_nonDE
MA2408.1,MA2408.1	BAD1,215,2886,1.1948264832880218,0.47970911545556283,0.9406055570502013,nonPolycomb_down_vs_polycomb_nonDE
MA2423.1,MA2423.1	OsbZIP69,168,2253,1.0725425460117104,0.6673020849618875,1.0,nonPolycomb_down_vs_polycomb_nonDE
MA2424.1,MA2424.1	OsbZIP77,101,1432,0.9425927773343974,0.6865089929564538,1.0,nonPolycomb_down_vs_polycomb_nonDE
MA2425.1,MA2425.1	SPL11A,3,24,1.7221638655462186,0.4253727864946421,0.9326739388844495,nonPolycomb_down_vs_polycomb_nonDE
MA2441.1,MA2441.1	SPL3A,222,2935,1.4650049314085896,0.13374061108036503,0.6468943641864165,nonPolycomb_down_vs_polycomb_nonDE
MA2445.1,MA2445.1	SPL4D,0,1,0.0,1.0,1.0,nonPolycomb_down_vs_polycomb_nonDE
MA2505.1,MA2505.1	bZIP59,128,1732,1.0274479347626153,0.8937393842314996,1.0,nonPolycomb_down_vs_polycomb_nonDE
MA2614.1,MA2614.1	ereb198,48,615,1.0870213572602048,0.6081709828236317,0.9971784444118771,nonPolycomb_down_vs_polycomb_nonDE
MA2639.1,MA2639.1	FUL::SOC1,141,1955,0.9722148337595908,0.8389238459593027,1.0,nonPolycomb_down_vs_polycomb_nonDE
MA2642.1,MA2642.1	GLYMA-10G230700,236,3258,0.6519337016574586,0.38638778863533796,0.9249696455116165,nonPolycomb_down_vs_polycomb_nonDE
MA2667.1,MA2667.1	GLYMA-13G236500,106,1414,1.048949656870449,0.7363571107766069,1.0,nonPolycomb_down_vs_polycomb_nonDE
MA2669.1,MA2669.1	GLYMA-04G231400,224,3024,1.2156862745098038,0.5460477350693993,0.9811916220786361,nonPolycomb_down_vs_polycomb_nonDE
MA2728.1,MA2728.1	SolycHsfC1,229,3091,1.3088536611668284,0.49161601754340156,0.9406055570502013,nonPolycomb_down_vs_polycomb_nonDE
MA2732.1,MA2732.1	Sl-ERF_C_4,89,1228,0.9893868935367736,1.0,1.0,nonPolycomb_down_vs_polycomb_nonDE
MA2741.1,MA2741.1	SlWRKY7,231,3087,1.616326530612245,0.17112540421706218,0.717287325152826,nonPolycomb_down_vs_polycomb_nonDE
MA0082.2,MA0082.2	squamosa,162,2246,0.9650574298048852,0.8302255204143244,1.0,nonPolycomb_down_vs_polycomb_nonDE
MA0554.2,MA0554.2	SOC1,227,3178,0.6377551020408163,0.12121295099189246,0.6324105803971362,nonPolycomb_down_vs_polycomb_nonDE
MA0556.2,MA0556.2	AP3,241,3295,inf,1.0,1.0,nonPolycomb_down_vs_polycomb_nonDE
MA0574.1,MA0574.1	MYB15,152,1775,1.4702073112834309,0.004902544311893484,0.20667351682762636,nonPolycomb_down_vs_polycomb_nonDE
MA0584.2,MA0584.2	SEP1,174,2452,0.9013294051764018,0.4933469840381519,0.9406055570502013,nonPolycomb_down_vs_polycomb_nonDE
MA0940.1,MA0940.1	AP1,241,3303,,1.0,1.0,nonPolycomb_down_vs_polycomb_nonDE
MA1026.3,MA1026.3	ATHB-15,119,1690,0.9309680861383257,0.5942257438713032,0.9913559640365757,nonPolycomb_down_vs_polycomb_nonDE
MA1158.2,MA1158.2	MGP,241,3298,inf,1.0,1.0,nonPolycomb_down_vs_polycomb_nonDE
MA1159.2,MA1159.2	SGR5,236,3148,2.324015247776366,0.07432111839510344,0.5128157169262137,nonPolycomb_down_vs_polycomb_nonDE
MA1169.1,MA1169.1	MYB105,76,1071,0.9599185128596893,0.8306716991546719,1.0,nonPolycomb_down_vs_polycomb_nonDE
MA1193.2,MA1193.2	AT2G38090,167,2428,0.8132875461952892,0.15300069431915128,0.6794139742786075,nonPolycomb_down_vs_polycomb_nonDE
MA1228.2,MA1228.2	ERF091,49,658,1.0258754432624113,0.8675433570106383,1.0,nonPolycomb_down_vs_polycomb_nonDE
MA1262.2,MA1262.2	ERF2,193,2654,0.9832407058528008,0.933106859039345,1.0,nonPolycomb_down_vs_polycomb_nonDE
MA1264.2,MA1264.2	ERF095,172,2333,1.0364213521186256,0.8834765438492919,1.0,nonPolycomb_down_vs_polycomb_nonDE
MA1269.2,MA1269.2	DOF4.5,217,3127,0.5089009700458373,0.005405140066304233,0.2108004625858651,nonPolycomb_down_vs_polycomb_nonDE
MA1334.2,MA1334.2	BZIP11,156,2160,0.9711764705882353,0.8336676602061619,1.0,nonPolycomb_down_vs_polycomb_nonDE
MA1337.2,MA1337.2	BZIP44,170,2361,0.9553125615190508,0.7678303721922158,1.0,nonPolycomb_down_vs_polycomb_nonDE
MA1340.2,MA1340.2	BZIP3,232,3143,1.312263583978506,0.5316719530697944,0.9811916220786361,nonPolycomb_down_vs_polycomb_nonDE
MA1341.2,MA1341.2	BZIP53,73,1090,0.8822029270423766,0.43445081175134126,0.9326739388844495,nonPolycomb_down_vs_polycomb_nonDE
MA1384.1,MA1384.1	PHL7,123,1693,0.9912701352528357,0.9469173512835903,1.0,nonPolycomb_down_vs_polycomb_nonDE
MA1400.2,MA1400.2	AT1G19000,76,1094,0.9300537366350895,0.6704054541226678,1.0,nonPolycomb_down_vs_polycomb_nonDE
MA1743.2,MA1743.2	BZIP2,209,2688,1.4943150111607142,0.03814370423003441,0.4339173483893083,nonPolycomb_down_vs_polycomb_nonDE
MA1747.2,MA1747.2	DOF4.3,196,2772,0.8343434343434344,0.2791922028746572,0.850228438437726,nonPolycomb_down_vs_polycomb_nonDE
MA1760.1,MA1760.1	HSFA6A,239,3279,0.8746569075937786,0.695738240162388,1.0,nonPolycomb_down_vs_polycomb_nonDE
MA2022.2,MA2022.2	LOB,164,2260,0.9829444891391794,0.9428023808779451,1.0,nonPolycomb_down_vs_polycomb_nonDE
MA2367.1,MA2367.1	WIP5,228,3165,0.7647101713452424,0.3250417957721183,0.8916284122556273,nonPolycomb_down_vs_polycomb_nonDE
MA2428.1,MA2428.1	SPL13B,50,731,0.9210648827898382,0.6873477347223245,1.0,nonPolycomb_down_vs_polycomb_nonDE
MA2430.1,MA2430.1	SPL14B,121,1519,1.1842440201887205,0.22837553276100067,0.7719387292377334,nonPolycomb_down_vs_polycomb_nonDE
MA2435.1,MA2435.1	SPL16D,115,1610,0.9597505668934241,0.7896121145893682,1.0,nonPolycomb_down_vs_polycomb_nonDE
MA2437.1,MA2437.1	SPL19B,20,416,0.6280455969369997,0.05314075325411748,0.4784592064668522,nonPolycomb_down_vs_polycomb_nonDE
MA2439.1,MA2439.1	SPL2A,44,674,0.8711985419271265,0.4557310446892354,0.9326739388844495,nonPolycomb_down_vs_polycomb_nonDE
MA2440.1,MA2440.1	SPL2B,61,858,0.9657148407148407,0.8790519451759929,1.0,nonPolycomb_down_vs_polycomb_nonDE
MA2443.1,MA2443.1	SPL3D,16,271,0.7956047560475604,0.46301030436013313,0.9326739388844495,nonPolycomb_down_vs_polycomb_nonDE
MA2444.1,MA2444.1	SPL4A,61,858,0.9657148407148407,0.8790519451759929,1.0,nonPolycomb_down_vs_polycomb_nonDE
MA2446.1,MA2446.1	SPL5A,130,1678,1.1341794714857885,0.35103572982588904,0.892008639245956,nonPolycomb_down_vs_polycomb_nonDE
MA2759.1,MA2759.1	ereb7,105,1387,1.0665210568726409,0.6367564222727351,1.0,nonPolycomb_down_vs_polycomb_nonDE
MA0558.2,MA0558.2	FLC,199,2793,0.8651731369239425,0.40794259582493586,0.9326739388844495,nonPolycomb_down_vs_polycomb_nonDE
MA0559.1,MA0559.1	PI,236,3197,1.564967156709415,0.4424864589936614,0.9326739388844495,nonPolycomb_down_vs_polycomb_nonDE
MA0580.1,MA0580.1	DYT1,234,3138,1.7577164709095876,0.16330249795185448,0.7042420224173724,nonPolycomb_down_vs_polycomb_nonDE
MA1012.1,MA1012.1	AGL27,179,2673,0.6804605191701966,0.014495227931460516,0.3766497674447077,nonPolycomb_down_vs_polycomb_nonDE
MA1172.2,MA1172.2	MYB3R5,107,1566,0.8857008063132613,0.38527122559550797,0.9249696455116165,nonPolycomb_down_vs_polycomb_nonDE
MA1188.1,MA1188.1	At3g11280,210,2854,1.0657368266383345,0.845353872171152,1.0,nonPolycomb_down_vs_polycomb_nonDE
MA1189.2,MA1189.2	AT5G61620,153,1995,1.139917976760082,0.37482733935779466,0.9236816577031369,nonPolycomb_down_vs_polycomb_nonDE
MA1194.2,MA1194.2	AT3G10580,144,2008,0.957407483468189,0.7847153279062709,1.0,nonPolycomb_down_vs_polycomb_nonDE
MA1195.2,MA1195.2	AT5G56840,239,3282,0.7646252285191956,0.6673340694705967,1.0,nonPolycomb_down_vs_polycomb_nonDE
MA1196.2,MA1196.2	AT5G05790,102,1434,0.9564131121880738,0.7877766145512559,1.0,nonPolycomb_down_vs_polycomb_nonDE
MA1226.2,MA1226.2	DREB2G,191,2620,0.995824427480916,1.0,1.0,nonPolycomb_down_vs_polycomb_nonDE
MA1250.2,MA1250.2	DREB2D,210,2833,1.1238513828951413,0.6320761429634295,1.0,nonPolycomb_down_vs_polycomb_nonDE
MA1370.2,MA1370.2	IDD5,53,606,1.254660838424268,0.1698040169922956,0.7150901560661462,nonPolycomb_down_vs_polycomb_nonDE
MA1374.2,MA1374.2	IDD7,241,3303,,1.0,1.0,nonPolycomb_down_vs_polycomb_nonDE
MA1416.1,MA1416.1	RAMOSA1,224,3112,0.8087101164373204,0.39479212629668814,0.9294712264780296,nonPolycomb_down_vs_polycomb_nonDE
MA1686.1,MA1686.1	ARF13,141,1836,1.1266176470588236,0.38351657326695776,0.9249696455116165,nonPolycomb_down_vs_polycomb_nonDE
MA1753.2,MA1753.2	ERF057,221,3054,0.9009332023575638,0.6157700435954401,1.0,nonPolycomb_down_vs_polycomb_nonDE
MA1758.2,MA1758.2	HSFA1E,116,1570,1.0243464968152867,0.8937613522499754,1.0,nonPolycomb_down_vs_polycomb_nonDE
MA1759.2,MA1759.2	HSFA4A,168,2324,0.9694669087308136,0.8268506527346151,1.0,nonPolycomb_down_vs_polycomb_nonDE
MA2344.1,MA2344.1	REV,199,2646,1.1764658244250081,0.40168765585353594,0.9326739388844495,nonPolycomb_down_vs_polycomb_nonDE
MA2427.1,MA2427.1	SPL12B,26,407,0.8604765441974744,0.5415078415249175,0.9811916220786361,nonPolycomb_down_vs_polycomb_nonDE
MA2431.1,MA2431.1	SPL15A,71,990,0.9757754010695188,0.9419357364953245,1.0,nonPolycomb_down_vs_polycomb_nonDE
MA2436.1,MA2436.1	SPL18A,85,1213,0.938814551757668,0.6781779422663853,1.0,nonPolycomb_down_vs_polycomb_nonDE
MA2438.1,MA2438.1	SPL1D,106,1387,1.0846537958289941,0.5439876216581288,0.9811916220786361,nonPolycomb_down_vs_polycomb_nonDE
MA2442.1,MA2442.1	SPL3B,142,1833,1.1502917885896609,0.31418247399149046,0.8782658764909119,nonPolycomb_down_vs_polycomb_nonDE
MA2448.1,MA2448.1	SPL5D,70,968,0.9874462326615436,1.0,1.0,nonPolycomb_down_vs_polycomb_nonDE
MA2455.1,MA2455.1	SPL9D,7,93,1.0325337744692584,0.8410279784485479,1.0,nonPolycomb_down_vs_polycomb_nonDE
MA2608.1,MA2608.1	glk53,182,2513,0.9697370284689109,0.8757622278211232,1.0,nonPolycomb_down_vs_polycomb_nonDE
MA2613.1,MA2613.1	ereb34,147,1975,1.0515270670616752,0.7340159159444202,1.0,nonPolycomb_down_vs_polycomb_nonDE
MA2616.1,MA2616.1	ereb17,67,840,1.129043513957307,0.44444793726387455,0.9326739388844495,nonPolycomb_down_vs_polycomb_nonDE
MA2714.1,MA2714.1	APETALA2a,222,3092,0.7973377817117179,0.34372771726806695,0.892008639245956,nonPolycomb_down_vs_polycomb_nonDE
MA0573.2,MA0573.2	ATHB-9,168,2289,1.0194797034058063,0.9423687274058253,1.0,nonPolycomb_down_vs_polycomb_nonDE
MA1161.1,MA1161.1	TSO1,224,3165,0.5745190967382213,0.04788987423077906,0.4784592064668522,nonPolycomb_down_vs_polycomb_nonDE
MA1162.1,MA1162.1	TCX2,240,3300,0.21818181818181817,0.2455929163043456,0.7946878434478271,nonPolycomb_down_vs_polycomb_nonDE
MA1199.1,MA1199.1	AGL16,237,3210,1.716588785046729,0.4108034464780893,0.9326739388844495,nonPolycomb_down_vs_polycomb_nonDE
MA1203.1,MA1203.1	AGL63,223,2968,1.3983415693321353,0.21948345325721547,0.7703740715028716,nonPolycomb_down_vs_polycomb_nonDE
MA1221.1,MA1221.1	RAP2-6,196,2573,1.2357386535388868,0.2267353248655324,0.7719387292377334,nonPolycomb_down_vs_polycomb_nonDE
MA1222.1,MA1222.1	ERF014,190,2627,0.958672010867537,0.8042829868257257,1.0,nonPolycomb_down_vs_polycomb_nonDE
MA1225.1,MA1225.1	ERF5,48,683,0.9540354577109521,0.8689905872065545,1.0,nonPolycomb_down_vs_polycomb_nonDE
MA1328.1,MA1328.1	ZHD9,213,3009,0.7432701894317049,0.16300757670606864,0.7042420224173724,nonPolycomb_down_vs_polycomb_nonDE
MA1361.2,MA1361.2	bHLH18,143,2060,0.8804685952050724,0.37122754050294937,0.9224130300031734,nonPolycomb_down_vs_polycomb_nonDE
MA1363.1,MA1363.1	LRL2,182,2485,1.015421341608976,1.0,1.0,nonPolycomb_down_vs_polycomb_nonDE
MA1371.2,MA1371.2	IDD4,153,1915,1.260170899596487,0.10420438042343905,0.5851970305815891,nonPolycomb_down_vs_polycomb_nonDE
MA1373.1,MA1373.1	GAF1,216,2939,1.070078257910854,0.8313052745356683,1.0,nonPolycomb_down_vs_polycomb_nonDE
MA1379.1,MA1379.1	SOL1,218,3008,0.9295501850138761,0.7262593922319605,1.0,nonPolycomb_down_vs_polycomb_nonDE
MA1380.1,MA1380.1	TCX6,212,3013,0.7036176568204447,0.10147020077998445,0.5834536544849106,nonPolycomb_down_vs_polycomb_nonDE
MA1732.1,MA1732.1	E2FD,87,1211,0.9759241584179652,0.8899995747770256,1.0,nonPolycomb_down_vs_polycomb_nonDE
MA1738.1,MA1738.1	ATMYB31,209,2874,0.9749151878914405,0.9209264134721473,1.0,nonPolycomb_down_vs_polycomb_nonDE
MA1749.1,MA1749.1	E2FC,220,2942,1.28548768249652,0.3326992534899941,0.892008639245956,nonPolycomb_down_vs_polycomb_nonDE
MA1750.1,MA1750.1	E2FE,230,3030,1.883888388838884,0.04796958698880757,0.4784592064668522,nonPolycomb_down_vs_polycomb_nonDE
MA1789.1,MA1789.1	NAC071,240,3295,0.582701062215478,0.469834669444775,0.9346221515692781,nonPolycomb_down_vs_polycomb_nonDE
MA1790.1,MA1790.1	NAC073,199,2757,0.9383387740297425,0.7198283790477646,1.0,nonPolycomb_down_vs_polycomb_nonDE
MA2005.2,MA2005.2	NAC016,213,2921,0.9948403188731844,1.0,1.0,nonPolycomb_down_vs_polycomb_nonDE
MA2371.1,MA2371.1	MYB31,209,2848,1.0434405723314606,0.9227964144036247,1.0,nonPolycomb_down_vs_polycomb_nonDE
MA2426.1,MA2426.1	SPL11B,77,1057,0.9976578904861896,1.0,1.0,nonPolycomb_down_vs_polycomb_nonDE
MA2429.1,MA2429.1	SPL13D,107,1419,1.060174813038402,0.6862143940093766,1.0,nonPolycomb_down_vs_polycomb_nonDE
MA2451.1,MA2451.1	SPL7B,205,2632,1.4517371664978047,0.04498735897522184,0.4784592064668522,nonPolycomb_down_vs_polycomb_nonDE
MA2619.1,MA2619.1	ereb18,97,1288,1.0538248360938578,0.732521201215777,1.0,nonPolycomb_down_vs_polycomb_nonDE
MA2634.1,MA2634.1	EIN3,230,3145,1.0504408151466975,1.0,1.0,nonPolycomb_down_vs_polycomb_nonDE
MA2709.1,MA2709.1	SolycHsfA2,140,1797,1.1616720937536158,0.2838425608838393,0.850228438437726,nonPolycomb_down_vs_polycomb_nonDE
MA2715.1,MA2715.1	Solyc03g124110,165,2339,0.8947818455930334,0.46373754374856685,0.9326739388844495,nonPolycomb_down_vs_polycomb_nonDE
MA2722.1,MA2722.1	Sl-ERF_F_2,117,1658,0.9361502393089225,0.6407872229349325,1.0,nonPolycomb_down_vs_polycomb_nonDE
MA2752.1,MA2752.1	TaOBF1b,144,1942,1.0403983564610828,0.786646535794582,1.0,nonPolycomb_down_vs_polycomb_nonDE
MA0005.3,MA0005.3	AG,173,2290,1.1254109940919599,0.4687426989936436,0.9346221515692781,nonPolycomb_down_vs_polycomb_nonDE
MA0548.3,MA0548.3	AGL15,241,3300,inf,1.0,1.0,nonPolycomb_down_vs_polycomb_nonDE
MA0555.2,MA0555.2	SVP,237,3276,0.4883241758241758,0.15592948102989326,0.6890085935163264,nonPolycomb_down_vs_polycomb_nonDE
MA0571.2,MA0571.2	ANT,133,1700,1.161214596949891,0.2855063880308977,0.850228438437726,nonPolycomb_down_vs_polycomb_nonDE
MA0578.1,MA0578.1	SPL8,18,142,1.796816775090002,0.034455775688976537,0.4339173483893083,nonPolycomb_down_vs_polycomb_nonDE
MA0585.2,MA0585.2	AGL1,237,3252,0.9291974169741697,0.7870616146087072,1.0,nonPolycomb_down_vs_polycomb_nonDE
MA1160.2,MA1160.2	IDD6,241,3302,inf,1.0,1.0,nonPolycomb_down_vs_polycomb_nonDE
MA1239.2,MA1239.2	ERF104,162,2173,1.06636686142357,0.6734250962797594,1.0,nonPolycomb_down_vs_polycomb_nonDE
MA1270.2,MA1270.2	DOF3.2,239,3272,1.132182151589242,1.0,1.0,nonPolycomb_down_vs_polycomb_nonDE
MA1279.2,MA1279.2	DOF1.5,229,3135,1.022647527910686,1.0,1.0,nonPolycomb_down_vs_polycomb_nonDE
MA1377.2,MA1377.2	PLT1,122,1468,1.281512605042017,0.06996318345467412,0.5050420396688837,nonPolycomb_down_vs_polycomb_nonDE
MA1687.1,MA1687.1	ARF14,5,128,0.5255230402542372,0.21579568466533938,0.7703740715028716,nonPolycomb_down_vs_polycomb_nonDE
MA1734.1,MA1734.1	AT1G19040,237,3261,0.7631094756209752,0.5513049916696016,0.9811916220786361,nonPolycomb_down_vs_polycomb_nonDE
MA1741.1,MA1741.1	BRN2,87,1278,0.8951435888055607,0.4510839538879113,0.9326739388844495,nonPolycomb_down_vs_polycomb_nonDE
MA1792.1,MA1792.1	NAC098,148,1992,1.0473506930949605,0.7850454051748966,1.0,nonPolycomb_down_vs_polycomb_nonDE
MA1830.2,MA1830.2	Zm00001d015407,165,2238,1.0331416678425285,0.886461702191023,1.0,nonPolycomb_down_vs_polycomb_nonDE
MA2348.1,MA2348.1	IDD6,206,2809,1.0350811168183898,0.9255009974063877,1.0,nonPolycomb_down_vs_polycomb_nonDE
MA2376.1,MA2376.1	CAMTA5,236,3234,1.0070500927643784,1.0,1.0,nonPolycomb_down_vs_polycomb_nonDE
MA2387.1,MA2387.1	NAC094,170,2331,0.9984229702539562,1.0,1.0,nonPolycomb_down_vs_polycomb_nonDE
MA2635.1,MA2635.1	FUL,235,3251,0.6264739054649852,0.2851297142454679,0.850228438437726,nonPolycomb_down_vs_polycomb_nonDE
MA2637.1,MA2637.1	FUL::AG::SEP3,223,3158,0.5688375202308071,0.036799907322245515,0.4339173483893083,nonPolycomb_down_vs_polycomb_nonDE
MA2638.1,MA2638.1	FUL::SEP3,113,1796,0.7407563683184856,0.02708449988519037,0.4339173483893083,nonPolycomb_down_vs_polycomb_nonDE
MA2660.1,MA2660.1	GLYMA-12G168700,227,3191,0.5691005954246318,0.06800704710192416,0.5050420396688837,nonPolycomb_down_vs_polycomb_nonDE
MA1278.2,MA1278.2	DOF3.4,212,2982,0.7869284673558593,0.2623443104266916,0.8228071554291692,nonPolycomb_down_vs_polycomb_nonDE
MA2460.1,MA2460.1	MGH6.1,237,3242,1.1148210980876003,1.0,1.0,nonPolycomb_down_vs_polycomb_nonDE
MA2472.1,MA2472.1	AT3G12910,114,1565,0.9968654876606878,1.0,1.0,nonPolycomb_down_vs_polycomb_nonDE
MA2666.1,MA2666.1	GLYMA-12G117000,129,1789,0.9747364848678431,0.8935105356143338,1.0,nonPolycomb_down_vs_polycomb_nonDE
MA2718.1,MA2718.1	Sl-ERF_A_3,51,728,0.9494288606130712,0.8091579859210608,1.0,nonPolycomb_down_vs_polycomb_nonDE
MA2734.1,MA2734.1	Sl-ERF_F_5,224,3048,1.1023622047244095,0.8024345981766927,1.0,nonPolycomb_down_vs_polycomb_nonDE
MA2755.1,MA2755.1	hsftf24,231,3195,0.7808450704225353,0.4545677239983804,0.9326739388844495,nonPolycomb_down_vs_polycomb_nonDE
MA1204.1,MA1204.1	AGL13,240,3300,0.21818181818181817,0.2455929163043456,0.7946878434478271,nonPolycomb_down_vs_polycomb_nonDE
MA1283.2,MA1283.2	TCP14,73,1015,0.9794980060989913,0.9423659052893852,1.0,nonPolycomb_down_vs_polycomb_nonDE
MA2398.1,MA2398.1	AS2,164,2140,1.1574948416069912,0.32770260915703187,0.892008639245956,nonPolycomb_down_vs_polycomb_nonDE
MA2636.1,MA2636.1	FUL::AG,219,3033,0.8861613164283787,0.6266687161429221,1.0,nonPolycomb_down_vs_polycomb_nonDE
MA2673.1,MA2673.1	GLYMA-15G086400,131,1807,0.9859435528500277,0.9465961393856925,1.0,nonPolycomb_down_vs_polycomb_nonDE
MA2712.1,MA2712.1	eil1,109,1607,0.8714902604137202,0.3170841205920133,0.8782658764909119,nonPolycomb_down_vs_polycomb_nonDE
MA0590.1,MA0590.1	LFY,32,541,0.7816819817987247,0.23845414834143108,0.7882190950948579,nonPolycomb_down_vs_polycomb_nonDE
MA0938.3,MA0938.3	NAC058,114,1668,0.8798787741460375,0.35067720990218365,0.892008639245956,nonPolycomb_down_vs_polycomb_nonDE
MA1205.1,MA1205.1	AGL6,186,2664,0.8111793611793612,0.2068462426638148,0.7653063140007125,nonPolycomb_down_vs_polycomb_nonDE
MA1257.2,MA1257.2	ERF9,135,1915,0.9230996600817775,0.5889346706450657,0.9913559640365757,nonPolycomb_down_vs_polycomb_nonDE
MA1267.2,MA1267.2	DOF5.8,241,3301,inf,1.0,1.0,nonPolycomb_down_vs_polycomb_nonDE
MA1281.2,MA1281.2	DOF5.1,240,3295,0.582701062215478,0.469834669444775,0.9346221515692781,nonPolycomb_down_vs_polycomb_nonDE
MA1660.2,MA1660.2	NAC013,231,3149,1.129691965703398,0.8736363612987816,1.0,nonPolycomb_down_vs_polycomb_nonDE
MA1783.1,MA1783.1	NAC005,124,1686,1.0164552726830307,0.9468090543795902,1.0,nonPolycomb_down_vs_polycomb_nonDE
MA1788.1,MA1788.1	NAC054,182,2415,1.1342667649226235,0.4511606739962326,0.9326739388844495,nonPolycomb_down_vs_polycomb_nonDE
MA1791.1,MA1791.1	NAC087,35,396,1.247241835834069,0.26073618031253876,0.8215162744690361,nonPolycomb_down_vs_polycomb_nonDE
MA2033.2,MA2033.2	NAC038,157,2239,0.8881941342861397,0.39321610333100576,0.9294712264780296,nonPolycomb_down_vs_polycomb_nonDE
MA2045.2,MA2045.2	NAC031,183,2613,0.8331683756284889,0.2523190070086787,0.805964196100544,nonPolycomb_down_vs_polycomb_nonDE
MA2733.1,MA2733.1	Sl-ERF_F_4,99,1265,1.1232088181261481,0.4107763084040792,0.9326739388844495,nonPolycomb_down_vs_polycomb_nonDE
MA2035.2,MA2035.2	NAC075,191,2590,1.0516061776061776,0.8078901239962462,1.0,nonPolycomb_down_vs_polycomb_nonDE
MA2721.1,MA2721.1	Sl-ERF_C_6,201,2697,1.12908787541713,0.5456088762350946,0.9811916220786361,nonPolycomb_down_vs_polycomb_nonDE
MA1268.2,MA1268.2	CDF5,240,3289,1.0215871085436303,1.0,1.0,nonPolycomb_down_vs_polycomb_nonDE
MA1274.1,MA1274.1	DOF3.6,241,3303,,1.0,1.0,nonPolycomb_down_vs_polycomb_nonDE
MA1352.1,MA1352.1	TRP1,144,1865,1.144644979409082,0.3459950481925017,0.892008639245956,nonPolycomb_down_vs_polycomb_nonDE
MA1356.1,MA1356.1	TRP2,239,3278,0.911378889566809,0.7055911213081331,1.0,nonPolycomb_down_vs_polycomb_nonDE
MA1402.1,MA1402.1	BPC6,221,3092,0.7540588615782665,0.27755826160953095,0.8497261456100658,nonPolycomb_down_vs_polycomb_nonDE
MA1784.1,MA1784.1	NAC011,41,497,1.1574044265593562,0.40324725013265483,0.9326739388844495,nonPolycomb_down_vs_polycomb_nonDE
MA2006.2,MA2006.2	NAC020,220,2978,1.1433048706386517,0.6531647043482094,1.0,nonPolycomb_down_vs_polycomb_nonDE
MA2009.2,MA2009.2	NAC010,226,3054,1.2284217419777341,0.5259017083742896,0.978700897119788,nonPolycomb_down_vs_polycomb_nonDE
MA2645.1,MA2645.1	GLYMA-16G042900,133,1740,1.1062100893997446,0.4629038287033813,0.9326739388844495,nonPolycomb_down_vs_polycomb_nonDE
MA2731.1,MA2731.1	sep3,239,3302,0.036190187764990916,0.013197610910739635,0.3598623589181434,nonPolycomb_down_vs_polycomb_nonDE
MA2664.1,MA2664.1	GLYMA-03G162700,135,1765,1.109786733657598,0.46206927200508796,0.9326739388844495,nonPolycomb_down_vs_polycomb_nonDE
MA1404.1,MA1404.1	BPC1,190,2729,0.7835952262913227,0.13721273623990612,0.6581808791828652,nonPolycomb_down_vs_polycomb_nonDE
MA2659.1,MA2659.1	GLYMA-08G281200,215,2933,1.0431692412599334,0.9158713982427736,1.0,nonPolycomb_down_vs_polycomb_nonDE
MA1354.1,MA1354.1	AT4G12670,235,3188,1.4128502718527813,0.5793904437930337,0.9913559640365757,nonPolycomb_down_vs_polycomb_nonDE
MA1403.1,MA1403.1	BPC5,231,3184,0.8633479899497487,0.5945098638874693,0.9913559640365757,nonPolycomb_down_vs_polycomb_nonDE
